,id
0,4D7BCuvgdJlYvlX5WlN54t
1,5x5JM1BSB6vollcIzDocqT
2,3SErMoIKdRELto2OspGs5L
3,6VzcQuzTNTMFnJ6rBSaLH9
4,6cii6vbf1gITzGEpDrc5BP
5,33uKUpu9ZXsHhcxRLoxnWI
6,7LILABogx8SHeMPJbLBvBH
7,1vYXt7VSjH9JIM5oRRo7vA
8,48ae9wfgrP5ArdRpMiBTQo
9,1u8c2t2Cy7UBoG4ArRcF5g
10,27tNWlhdAryQY04Gb2ZhUI
11,3M0lSi5WW79CXQamgSBIjx
12,62ke5zFUJN6RvtXZgVH0F8
13,3ge54HUrk1ht3EX5SMhIzZ
14,04OSnqlwlBJMvidYccraVz
15,6VObnIkLVruX4UVyxWhlqm
16,2XcEaVhx9EDMcEB33D92o8
17,7DSAEUvxU8FajXtRloy8M0
18,0hIDcUm3mJEn4gNo2ocLM5
19,4ewmHD3aRBmLyTsbGreNLw
20,6Q7Tv7ZxmoOokvuPchcaO1
21,7cyeGclH71MayOuQ7qtLFl
22,4F7lBgkFp0BbO5ClrKrTXU
23,6Xls57cmjSsNNNGAKPRLL9
24,4Q34FP1AT7GEl9oLgNtiWj
25,4iCZ6Cr76For1TuHUQ90r8
26,6gi6y1xwmVszDWkUqab1qw
27,22ruOqBqBRiZDiXFud4OXa
28,4jVBIpuOiMj1crqd8LoCrJ
29,0NvHg9fiix03UG7hdYx6DI
30,0c5qAIcNy3jNIxmZXllp4V
31,0PvFJmanyNQMseIFrU708S
32,7gCe88FGMlkyURLPxglbAo
33,0dbZ2iUuKvsm3FupBw6M9N
34,0KUwCOylcgcDfSyuYNEe3a
35,59nOXPmaKlBfGMDeOVGrIK
36,7CmNyEQUpNSX6RMM5Fw3os
37,65OVbaJR5O1RmwOQx0875b
38,34PhB0kHT00utubP3aTau8
39,5PIfH6BzcmH04RDmtzF0BN
40,2ZBnK2CGFK6jcagWrpyPzA
41,4AtZRwSR8BOTTQg5ihSggt
42,1Am3fwJi1NF1sD2McZfVWi
43,0NHvTrD8Igke3fawcp3njY
44,3gJDgenxLephg09x86IxPs
45,5hVghJ4KaYES3BFUATCYn0
46,3j84U36KvLeXNDPv4t5pI8
47,3QFInJAm9eyaho5vBzxInN
48,2ZRdQMMKtmPLdYp9aP5cK5
49,40j4RoqmLiivqzRObbQ4BF
50,7icwQvajsokotDfM3tefW6
51,3t8pnImpBpOwxdtYBpKvA9
52,1ZAyjvIk9YiD76yYy0TEG6
53,1QPreu0BNOrUfEb8HTd2qG
54,5TqBAOIBe0bQA0spNdcG3k
55,5STdMlrBf6pqWiNE7WqxSi
56,230wNo1dnexltKYQbsW7oD
57,59J5nzL1KniFHnU120dQzt
58,3Ol2xnObFdKV9pmRD2t9x8
59,7JXZq0JgG2zTrSOAgY8VMC
60,5FRaKqVV2TvQxRS2aPUB1q
61,3nUjs7y1fhZYSmPNQ0YfqO
62,3dq9mv0f2JOkVsTKAKmFZK
63,75lsz88wi8dFi0sy5MkYFU
64,2yY7penAp7f0sBs4m5KPQq
65,0hPTrXGSXagIsFppq5Yex6
66,0mj133z9qx9G0r41qIai9U
67,0ecD5DysZs3Dyyi4K9Kilg
68,0zynanZ52XMwwPMQhlvFBj
69,4wbdFcn4KVGVHJPd9YRqeQ
70,2AolSRXO5UeY8F9LTMN5Rc
71,0ntGXSw30nLrBlL6uGyUx6
72,7jwdL5htUUWezSZllV5l23
73,1eURbmAWGHthXaJBWpsJoV
74,3E8E5DWV47vl7rBp6XgKRk
75,5qKAX3ZbIeAG9WzVhKU2oQ
76,1vk8b7rvvclkgg9CY7r25x
77,00H3S427pckJf5DtsKCbeY
78,3s9V4A1KK3Eagrpjlm5RdE
79,5gKjNJ6VjmNJPVSNuiTXgE
80,5mHdCZtVyb4DcJw8799hZp
82,5q2zRUEMUMh51Ipd97bmAa
83,2pCLGdgYfNcdS5stH8Uxkd
84,5bLGQqcpsz5ISWeihZfJnR
85,1f5cbQtDrykjarZVrShaDI
86,2m8ejfQavfx09lbQgQ6q2M
87,6lIKmCFeHt1arqlwV5rbsQ
88,3cubovyBMABNcWzSdbzMTP
89,4fYte8ZvTK14NEhAOZocBi
90,67dU06KGaJHLLlo5Y5bkD2
91,22VHOlVYBqytsrAqV8yXBK
92,6dGqGkYDoRrKh5UiIcTT22
93,1CcCntDuVJpjqkJhYGhuMw
94,1ELMCVbADOtZj8tYdS01nI
95,1jrjUPWrfMw8RBbZ9PlX0W
96,4gcC1lyxdjoTE13FPOqyHt
97,4zO08ix7nulvQHfKm1bwC7
98,1nTzXNZCnZ0T7S8BqkL98r
99,37UiYRXhJWt8kG6kxn2Cq6
100,2bUEPDiGO5iGxgkiDo7OPF
101,4H3S0dQ6g8QwacSCp9W156
102,7aRCf5cLOFN1U7kvtChY1G
103,5yuShbu70mtHXY0yLzCQLQ
104,314DVGi9g5MwNIJo0IrKup
105,5YbGrhQCpOT4aOTlFgACke
106,3TBFOYhRrY2lL4lcmtvIrU
107,3PXyWlD8IfEZN9c4YIJxgQ
108,4oIN3NykxQQM9ROzlsEuUv
109,5Xb9LkVG98JiLorzV9O56r
110,4GL9GMX9t7Qkprvf1YighZ
111,41bmnQZoDMQdDh5zyomtW7
112,6afdNrotJ1PCt9DoFiHpLj
113,4QcfHUpGxGGKh7VIVs3LYI
114,3Idqu3VHFLZTsR3Gco9LRW
115,0rc9XLNs7KZXu2ASA3LbL8
116,0t3ZvGKlmYmVsDzBJAXK8C
117,39MK3d3fonIP8Mz9oHCTBB
118,19eUFBAnHBuTz6TCJXhu7h
119,1i9lZvlaDdWDPyXEE95aiq
120,7MbVZOLSUloG4J3nH3Tnos
121,1j8z4TTjJ1YOdoFEDwJTQa
122,0oU8UllnpbyXSj9CSJWAUs
123,51Lf3l6wx008NdBxCQnD6B
124,2VprRdTmbgyjXnDzHIcfNl
125,2BedHMJWiW5CuiTd2wza1u
126,4x5YzxjrF9wvIIXJV7TveC
127,46K1MMwKf29weyCTKb2cjM
128,1xLs8Mu1QEVbGCpyHQ2r2U
129,5L7IgwUPhir2FJftGNXJDW
130,525ZuYk4K5oDXTKnQABXYA
131,0jkzxxDG8z3Y5OmfNl1VM0
132,0pJW1Xw3aY4Eh6k5iuBkfI
133,3Eabh6tji315ptr28Y2QzC
134,1G391cbiT3v3Cywg8T7DM1
135,5kBYMymc2d3h164QqEHwRL
136,3hEkAosl2ZuO9FltxY5L1R
137,42TtHTxWk782ZBiqyOi2d1
138,1w9B61OdLdnjzZIUYmy0bd
139,7pu8AhGUxHZSCWTkQ2eb5M
140,5S8TnsIYMVrUg1bKxiGf6e
141,0Al3wN3keprGTSgG8NBwjr
142,4ObFZEXHQJcc8WQtqbCupZ
143,1fvC3CmNAbsx0V9ULMU8NB
144,2BJy4svtrGACqRB5BFLOK6
145,24Nt4OalWDICkEKVy81X6k
146,4a1oIFgu01B2nafpOHgvHZ
147,4EuaDcxHmHKS6gZ5iuGba0
148,3Kj2EWpIBnvETsYq4cq0IH
149,6GGtHZgBycCgGBUhZo81xe
150,49ox9rycOdJrbQlWGAJRBL
151,7K3BhSpAxZBznislvUMVtn
152,5eVuVYp9OyD9dm6Wcyb5nr
153,6n7Aj8Ok0kyktLxFjcUreo
154,6AF00PUvxgVktZBMs7Apd4
155,46fHLVEQBcyC8VjnmdDF3q
156,0kOG4bwpKgRlcJw1NA6csR
157,1vBpwxsLVwaR4evBIaFmqD
158,1ipcb9qXpSHWhSUvdxJhsx
159,5NORWMFC27ywGSZxi8uquP
160,6cDcN08jQphgeZ1nwv5aFj
161,4eH90XBDNITj5M8TradkSS
162,5Dmk7WSDEIywhhXKq7lP3j
163,3uWJYrarDEEiGSPw0jJLo2
164,4YDMkAQvJFDNjtjAlCDgP1
165,0SGC6p2Vl7AYKYWtbV1jIG
166,6BruhTOXtOq5I89CtAS38a
167,7wSF7gxepOU1AeY1klcG9a
168,3CvIbxdih7XqVgtoRmYMAq
169,4er9ljjGx8813UAhLh74yR
170,3fvHvGPVkutq5Dp2MatKNS
171,5Zd5Wip8OuEqWiNFHaYjaG
172,1UaIlO5RJssqKoFIVNZ8oS
173,0lE7VZvooD13UimBdCPkpz
174,7wlSlhOwegHVFeIDzmRW80
175,0uawQC7MQYf2TQ6MdX2yeQ
176,1nV6VafLPuRSsXgbDY3i6L
177,3Dh4iA0aF8dESoUvyANn6q
178,4mVcYr9wkUhrbylHREFely
179,7zSIaxd1mgB53fm4PNX7qA
180,0s5UNIzyu9CNOncjON2eG4
181,3Ql8FoHiDuU5aKCekZInYR
182,1tAutlhI9FwnKn7fVgmd5P
183,1A8j067qyiNwQnZT0bzUpZ
184,6JyuJFedEvPmdWQW0PkbGJ
185,2a7kFbxMwmmZWDvH0JbZFU
186,0qaWEvPkts34WF68r8Dzx9
187,7dt6x5M1jzdTEt8oCbisTK
188,2zoNNEAyPK2OGDfajardlY
189,3nEHrvNNtgLv9rneTAYVr4
190,2kURE6wOW7HoWaTIOa2NDF
191,3qykkfyO232HWUNwNGZ8Y2
192,11G2kiQpqKXtvjEVXjinIa
193,1bryeK5SLLjgKvtdh21dbc
194,5DMrREzztuMUkLMDjMpJNY
195,6dVgCHMZrWG0tQ4HPeu4aw
196,0ZPfoFzZ4qmdyzYmG8whmn
197,4qqArAiTPueDxIp7cf87h7
198,1kQhi22kyluRCnIPAXtxEZ
199,2QtJA4gbwe1AcanB2p21aP
200,6v1WKXhxHm7yNfPORSAZF1
201,2C4wPlnD6N8vS9N49rW5PA
202,5W7TUI8BNifzdCeJXhQIwP
203,3MbaQ2D6856Md6HhCSpj9Z
204,12CH5OfIKjrH6NxRBD08lv
205,69vZYIF0caXf570JtnSVoL
206,6sUrK6fO56aa4GwPqnW1AB
207,5BiGAL7ltXTvkHr1LYejgw
208,6urmRPAcdXKVyTvWvaP6jx
209,5vjoAShpHn1xZPyCCmjctl
210,3iFTsZjp2Njc0blIvDQgwW
211,7JPQrkRiGSsa7sCQqHMWhQ
212,4dkMqDjuN7r9mOYpJtEUGt
213,02RhVTIQTS2gTXdETIKRl5
214,3v9PK4gIefJACEO9IrYVel
215,5RmpD1Z77amkLly5tLyviz
216,1bwpPd630yfwKk20cxa6Ay
217,05LoBwiXyb1sx3xV3S3tEd
218,6INgyeU1U9veNB9Gt3W5Oi
219,7EFUGaBPCAbynZreFEkVpB
220,4TIqzdAssasqx3DAe6cG9J
221,3Owi7BjAeziHBYS0gLvHTQ
222,1EJIcDYXwSqipW5dFe4uJz
223,1ia019RqDK2o4QiANR1Dyn
224,1T4k0sw0HldDg004Kw4Oct
225,6tiKwZppNjrls8RsPQwK6r
226,31yydnZnSeCwkRPY7tlgQJ
227,0O3TAouZE4vL9dM5SyxgvH
228,7fxSLnklnayJNBIKntXedZ
229,2Hh3ETdQKrmSI3QS0hme7g
230,3s4mrPrEFFPF0LmAfutW0n
231,58TaFP5j5i9swOf584yon2
232,1sxGIhaxY8eF52e1TlShSP
233,4PklAHGXT5ityno3IA8SKd
234,0fX4oNGBWO3dSGUZcVdVV2
236,4MXhiYIRDMGAuvZc5IFTwC
237,1e1JKLEDKP7hEQzJfNAgPl
238,5W7xC99N2Zzfh69r7I7zWK
239,5MPPttjfGap2C6j6eKcO6J
240,6gDLL171KDoV7VAdAvzHUq
241,0JbSghVDghtFEurrSO8JrC
242,1IqZi1kWPnE5RyQ7c6rm86
243,3hLuHKzG1cmlRpq53ZVWd8
244,3X0773BLlMv6RMq0wkZZAk
245,6DLbBlGIOjjEj0dNN25zhZ
246,1GiwvmI57OTGcKGNigZFJb
247,3ERb3f5nGNwRcNLNoN3KRg
248,5HF1qDYTYfDf03rOSIXeIf
249,1mYeQ6tnO7YRZwMBpa6xWH
250,60eA3QITW5G2D7Woc11uKc
251,2nHbpIkZ4mrOQKiU66S5Mc
252,0r8iDf65NHgFgZOGLwj5r8
253,5kNe7PE09d6Kvw5pAsx23n
254,6wVLF29yXivhhYv4jbkRWW
255,0LQtEJt7x0s6knb6RKdRYc
256,5GqFHxvAVUmZPdAFj6THjD
257,3YaycOQk7PoQpl7YdvmWdX
258,2ydZrWKjSGrxQTebDfDnj5
259,3WMj8moIAXJhHsyLaqIIHI
260,36oNCGbPVXLp4l1FQFIiaK
261,4Pn0JlCUusD2QHjADuOzuV
262,3w2gnPLKAdSPcv7030bbGz
263,7cRggVoZ18mmvIN2EcSQ3J
264,5BlGmys9VqmHZbf7eswxG1
265,1V8LJmUEAleAHmBUaD0ZFI
266,5ggoxc2dhlFjListerctlA
267,5UNMyX2AzF8X90wAYAxG6Q
268,52DudaVZObvmBgEX6IObHX
269,7ETjhPaIU4UmHOiimJBZz9
271,67aaFVnfvFWjxVQMd0jDb5
272,6gdLyYNuhWBzqwlOFSsXC7
273,1kKDVYavcoEH5N6R6ezM6T
274,612qCFbMeFIeDupbFY38Ve
275,5zT5cMnMKoyruPj13TQXGx
276,4uJDDG8vXJ6fZHtTfrPfMX
277,73rxH6rYJQZtwfjKNb4mwZ
278,0unNLQbn2xlm2nPcB1pdjS
279,6pamafD9p0K7FHfJPz6TYF
280,2fVHrSxsQbJUuj9MW9zG1e
281,3PfIrDoz19wz7qK7tYeu62
282,3FQrnheOyqkoJPVgS7ZjoH
283,3AJwUDP919kvQ9QcozQPxg
284,0mJBiaODgK0XjOLCN5fItq
285,0M1A9wInEHilyWkh4I8tWo
286,7MmG8p0F9N3C4AXdK6o6Eb
287,3vsNteZn6E5qBSSBO78W7b
288,3ScJy88F8KqGDfWu8XJhHx
289,65OR4ywy8Cgs3FDHK82Idl
290,4MflGTO2ZTcSQ12bWcyRgI
291,0vrmHPfoBadXVr2n0m1aqZ
292,7JJmb5XwzOO8jgpou264Ml
293,6nfqlFOMiWthaOEa53uU0v
294,27ilMN1oiW9849fReEYgOj
295,1gihuPhrLraKYrJMAEONyc
296,5TvE3pk05pyFIGdSY9j4DJ
297,7129iqBafaphfc3WPCGC0L
298,09IStsImFySgyp0pIQdqAc
299,1SN1vSPsr4V4tIUTR3s8YW
300,2hSdHOOBLXNkh7zmmgoAn3
301,7bhI6rnvaVw8qgZPn32qE0
302,75nZ4W6quZhI55LKiqCXWh
303,28cnXtME493VX9NOw9cIUh
304,6GG73Jik4jUlQCkKg9JuGO
305,1G8jae4jD8mwkXdodqHsBM
306,4dI4oscajpdtjpg2dP1x28
307,6XMYnm4OTEysN8blzqiCL9
308,1BV0m40U0M4t1SLIsDnwZl
309,1OZSVl0JJ1MBzibpuhmmXb
310,2JTBNz8VZx7i38pcPROWuz
311,0ByKWq0hsuYriK5avSMJ5r
312,4lxGVzcUaSF5HW5jtWnShV
313,4ZVdShwHP8PrIEqFoegLZY
314,04a7TQAQPkXBosRi7IovlM
315,4dRqYKhLVujxiBXcq50YzG
316,0CSTvWUps1YmpQoXXay9ol
317,0vC5MmnhcAZpKeuI1HhcYA
318,6wfApEwI6LnfYpqCTUURsP
319,6CltzquypraYIlWFp48m1O
320,6huNf4dutXRjJyGn7f5BPS
321,1vvcEHQdaUTvWt0EIUYcFK
322,09gysnJpfQ3ublBmJDfcEC
323,2ZCu2xskiEBCV3y0eu0zJG
324,3ioJs8DQw527GmqJIp5gZG
325,4NqkE7kRUvMDEdcqD96EDO
326,559SdaPI7mqy9IQiscuaMj
327,5Z9KJZvQzH6PFmb8SNkxuk
328,0V3wPSX9ygBnCm8psDIegu
329,1Hdh6lJUR1WZCiNPVWxLTA
330,0EcQcdcbQeVJn9fknj44Be
331,78nvT4euebtCsEigaNt4aa
332,3pXF1nA74528Edde4of9CC
333,4RVwu0g32PAqgUiJoXsdF8
334,6keF0sk7i4WU3cVnMkTtS3
335,755xVrgyHyUpl9EP5e4ICf
336,7xQAfvXzm3AkraOtGPWIZg
337,4OmpPGKKcz5qVlv5fvkdHT
338,31sSFHIe4NaxltVFOEIcTa
339,1r8ZCjfrQxoy2wVaBUbpwg
340,2bLqfJjuC5syrsgDsZfGmn
341,7szuecWAPwGoV1e5vGu8tl
342,3F5CgOj3wFlRv51JsHbxhe
343,4h4c2nt7wTFLn0OYVDWOHC
344,3aR3hSjA1Vw0GXYmngsJS6
345,2WN7xpcY4zmcqF57HFEGZY
346,51NFxnQvaosfDDutk0tams
347,3nef5W8jTkXrOKgCu4kmq7
348,5Z8Dj3LtbyCMiwE86rhg2f
349,1T4U8Q2DRfs6OUg8DEsRZf
350,11ozIUBoXAgRTVWelDn4pL
351,2REu6wX4KKrG6uGlTKVqu6
352,3LEgGAl9zLcQWGTp7ptqtQ
353,5IgjP7X4th6nMNDh4akUHb
354,5pyoxDZ1PX0KxBxiRVxA4U
356,2yjlYDiNiQkdxVqTlaSrlX
357,3NbX45R3yipn5PHlimaUme
358,0ITaSRuI0L1RNL7ZNYTTi7
359,5Ohxk2dO5COHF1krpoPigN
360,2SONYVTxyeSTwB4GQmlN2L
361,2Y67qsABsPKMrvCxPCzL6r
362,0QkWikH5Z3U0f79T9iuF6c
363,6kvW6EI5UuqCmlp7L7HD9O
364,0dzVPYmFfO0SZOMjI9O0Fk
365,6PDWMQJ55ZYrGrSx3EZzl4
366,2DlyNLCeexHKWO0M8lCucD
367,4e4htLKeAZFildRW8D2Itx
368,6GUiIbJ834FcHewby3PwV0
369,6tRneEcItwpSxBtqgem5Dr
370,1ypwNj8eK2qAMDEs4EiIIX
371,71tM20RVoYqUUs9EDOso2v
372,5Elsfzs4R5AhZMrfepTxwV
373,0NZPBYD5qbEWRs3PrGiRkT
374,5ZPL6OOwedIGz0eGUPRxl6
375,4EmnzJLkWYI9JyYTWtnOVT
376,44jry7JVnikOOBNjzi91Wg
377,1R0a2iXumgCiFb7HEZ7gUE
378,4BNq37egHwLkzyNd2ZQkDI
379,59RjIhWIpthNpwrlChUvXm
380,5wtPc1OQ7g1H8FBkwWqbhh
381,3Mnr3yyQk1aUPYgbpOQE31
382,3EZzghqykkfOB0Z8d0kTSt
383,5OLaVCAM2pqg7X9mAM2W8M
384,7HRW1XRyOITRJWrygoKL9u
385,7aftSOGSOpSoIlVAQVBb71
386,2EEfUuBRZA4Ax1vYcluFS0
387,60RFlt48hm0l4Fu0JoccOl
388,4S518ci8UY4op0Xyp6Hx6o
389,6IC6VhpV7D8T1t037Atqpu
390,4lSfhHd5Knwl8yQw2cVjAD
391,4U8SkKuNOZrgTR1NC9WYaC
392,5sjIhQzNljMVrDklI91ezp
393,33471tzU1VghDg9zNgGRpz
395,075qcpR3BnxD5CWUIx1HTr
396,0lQJBl9YEsoMtE8D4yTE9g
397,6NebrV4ZigAoXIRbe11hxh
398,0uXhQHd0wYV9gvXyMcpnQj
399,3xdjjKMcMOFgo1eQrfbogM
400,0gV5B7zmJkS1aaH9APokrH
401,6eUA5AtpkhLehFy229xFvD
402,0e7ipj03S05BNilyu5bRzt
403,19OHDib8Jrqi3o2nm5lzdA
404,4ZT9FnbFu1PaBfV3itxiqT
405,7KK4d7xfH6WjUuK1kPL8E2
406,6eKWSrZfzd25TYYxkscWgg
407,4e0FYxSROat25pH16zMTZI
408,5BJMeoCXXgbRAWfp6fTulr
409,0JP9xo3adEtGSdUEISiszL
410,57VeLYXrvNxe8Vs18K2M9W
411,2fSW54bA6x2iWePU7rpCiP
412,78p1rF7xx1snnaKxtUzBHn
413,7rvyVWja33WG9R97oeJAjx
414,67LB1vZuG114LqRN8h8bQ2
415,0wHFktze2PHC5jDt3B17DC
416,3O7lxdQoe1aNWs93VSHsJg
418,3KLo7ByvjCNyBrfz5DZ2mO
419,7zxRMhXxJMQCeDDg0rKAVo
420,0rzaRSujxA0bKyjJl6vHYq
421,15D8qDyRL6NuyxxmQRWosK
422,32BeYxKPrig1LefHsC0Xuo
423,2ty6DmPnxVPpEFuB23XM0x
424,6W3UEFq0oD8EBILiyn9B48
425,4E4K8qooKOsDHpZrmquBGm
426,33vZRjxJScapmRShRJq8I0
427,3CeKc83EsgRPItgvlDHo5B
428,5iu3rl4feYeRgR1DW0ydNU
429,7wdwIaXUuzlu1grzWMFRJm
430,6suYoN4gFkanqOBn5yRnJC
431,6IPwKM3fUUzlElbvKw2sKl
432,0Uon5NsSAkBDx69XYOaQ5P
433,7z3NjKBqjv3d1ykXCFQxaT
434,0JmnkIqdlnUzPaf8sqBRs3
435,6nmukSDAmw3XtbGKGD8056
436,2GiJYvgVaD2HtM8GqD9EgQ
437,5xwBIieMMFUmLDgvG4DjFe
438,5bDO9izGDQj7bdaSgxEBGQ
439,73RbfOTJIjHzi2pcVHjeHM
440,7J6bnDDitOwfelaJNixHhL
441,3coCtiuVaAyP9zgBzymjef
442,2DnyKpPcFpC460wLJeGzOs
443,30sc425JEvj3tgmGAKORea
444,2VeAlY9vgQxAsSe1G9Okip
445,7BP1rZRffLdYnPbU9JzFw9
446,2rMFawCg4BW65jzbwztXAV
447,3TXy6nchgKeYlVwOKNk9lE
448,2QqJTIlGKRLJC3onkavYEz
450,1h6kgem1ai8vUgO1rZOwfB
451,0QLQJuhJ1Bg7ZWbUgLbe5u
452,4rXLjWdF2ZZpXCVTfWcshS
453,2hIFuoXhzcZGvmdtSE35lc
454,3R9j8urSPiBbapNbyuSYkE
455,72UidoFGPPqJduJn9YAyYk
456,08F16baYbciTva9P4BvpiI
457,30bmc9ZRhqi4l9JrOADsV0
458,6Yt0M7Q8apD5sxtgYry7wK
459,7m1cNdKABpKy0aAtsKAIGx
460,1sbEeUY8KsdvgiQi26JBFz
462,5wL3P9ttm1TRPSag8soSfw
463,4X1odWLrLSSahaK6Hi15AA
464,0W1OeXDPntUH0BeyJtE9UM
465,20s34XSPIiYMGSFDRSs24t
466,08uGhvS5MfBk7crUCpnjva
467,2DTpP3caqX3QdJIEoS83mD
468,4qpzHzgpY7mmwL3a6SxYG5
469,2CY92qejUrhyPUASawNVRr
470,53tv6ZbyeAwfAUwFaxYbfO
471,7eaKWfov7b2Qa2n6HTesL3
472,18vXApRmJSgQ6wG2ll9AOg
473,2RwpeZcFwIAb2JPmfKeioc
474,7wBJfHzpfI3032CSD7CE2m
475,1LxKKYsJNPeBdOwdudsJzv
476,3Gf5nttwcX9aaSQXRWidEZ
477,6eT7xZZlB2mwyzJ2sUKG6w
478,7yyRTcZmCiyzzJlNzGC9Ol
479,62l3NSQPUxvcwwzKUmysrE
480,2D3JfPyY2LkzXgNOb7qziR
481,0dbzWSYpMcRtwjI1S7Pkql
483,7nINhyXn6uwUkYLY5KQH0K
485,25VQoiuyc0HkC5FQTj1a8G
487,15e2jfRPI2mYAOPMDyytP0
488,1cktZnxiONH0hR6Q3DKy8h
489,6GsAD8PgHxmEuIPTG8GP3M
490,6LuooOeUu4NOjkVOiT5CdS
492,3K07bGe8iljQ3mOKArHLDo
493,2kR18wsL3gvXRXdNE4dCGc
494,6DYtfjCJdFOXUlV3E9a9bI
495,2uX5f3x2cObov0iDAPln4o
497,5C6uh95eAL0RBTSGXKQwvk
498,586I425aeO3QMzvSZcUOEd
500,4vi0VouKDXJZEBANYxwCFN
502,5fWBKbbsXFSgCpCQ69YhOi
503,0baJ0dpMNqtQMKYYFpvtAY
504,112EmZwJNonJymivU3KOVl
505,2nXtGLBgSu60upR05CGEBN
507,2U5WueTLIK5WJLD7mvDODv
508,3SQJJ5wTW8y40TE0abStR6
509,5j2O2yeurM9fD2rgCPt7pD
510,6REbB4VXol3q3iiCjvojL5
511,0vtydnn50fuaO8li7usmlo
512,4kKhmIdFALmwCYrt90oWUW
513,5qkZ6PPFjweR2yOKUGUDX3
514,2D4dV2KXDTszzJ3p3cFqhA
515,7FAFkQQZFeNwOFzTrSDFIh
517,0pM1oWq2iw8W0AY6ORdC0x
518,6GGmABM6AMwMzEhK7szqJT
519,6zzdyvVWjGrQBraSvuqJPY
520,4vVT2sKUYr29dkYZMOxakJ
521,5QVx6iuBRTWoluBC1tLHKt
522,4C6G6u0WlK2lizZxFVjKBt
523,7f75nU5LW9DTx73rYGvr41
524,6iN3MYdNSE61GZO1jePoBv
525,0W8hsLxDLD7sONmxZJtl1E
526,2hv92LkauddkV8GSnbciUS
527,7wC9cG5EgruIiQe6Xt6SFm
528,7G66jCFepQvpro9D1WBFU6
529,0TF7th2dshVI1zEpA51med
530,6S5DkviS8VHtRDk392dvqL
531,75nBbBcSc6unGATTuhB8Ig
532,7HeimFYgPTF8YRacRXOKsM
533,3VLnkJrDXOAa67tXUVlg7S
534,77IyZIMfcAeGeyWdg6b680
535,5SI3WZ3UyZU8SQzRqPwSzR
536,13HfFqC1Tp2LQySdi9sGOx
537,4t8Z9gBQek7vsfcStkLISL
538,1v3gFoUDjVSbsyXdGa6ca6
539,7lwsvbsWfUNGUzCz5wc2Cf
540,4uUG5RXrOk84mYEfFvj3cK
541,2vzMWO0T008m86yDnXwkII
542,0iQ77tSa7ncj7zBPtVx6cU
543,7iyIleLfoTXbUVlch3CVFw
544,1YvKsn3ID4XvpwSSiqu1Jc
545,4Of7rzpRpV1mWRbhp5rAqG
546,0AS63m1wHv9n4VVRizK6Hc
547,6FT9FZccFD6nE8dMNslz2n
548,6PwjJ58I4t7Mae9xfZ9l9v
549,1I3FOzvCxbEqct7KkK4eXr
550,1lo4KZdClxXnLy0YewGqA9
551,2SL6oP2YAEQbqsrkOzRGO4
552,6s8nHXTJVqFjXE4yVZPDHR
553,1XGmzt0PVuFgQYYnV2It7A
554,6Tvzf3VEi16JMhAgOwdt2y
555,1tAhH5rnS14ld9SBr1hupi
556,0JiY190vktuhSGN6aqJdrt
558,2EA3zDCZYf3pKCCaOSP95r
559,2bzitsPcImYC6DZWvvLCQi
560,1kuGVB7EU95pJObxwvfwKS
561,4KQODLeXGCDfixEiUX6aDF
562,5TIyFlLF0EfYOUZH1TYxBq
563,1Ov37jtRQ2YNAe8HzfczkL
564,5SnMKAJBo7X4rUyaSMseun
565,3iOdP2j5OH6Gjrvn16NZp6
566,6wf7Yu7cxBSPrRlWeSeK0Q
567,0FZUbqZ1x2G71vl027d8Ud
568,5ZzaQW3InamKZ0KdJVQ1GO
569,2Ggr9IfS70wYQacW8nZKPG
570,7sliFe6W30tPBPh6dvZsIH
571,4inPxqHrj9VmjLx5JCDCV4
572,4OAuvHryIVv4kMDNSLuPt6
573,3rENBx6CohTf8z4h0XOKl7
574,749rod7GCmj0OVdumGfzVq
575,3SWGtKHaCFEUqfm9ydUFVw
576,0uhM3a59WXfYEsxbmjga6S
577,59CfNbkERJ3NoTXDvoURjj
578,6cDfk6xwxZ5GlXPjLlYcKy
579,2vjX1VkntJPIQkqwbJQvoa
580,0bjgQ24UZGwKikldIyEOgf
581,7yzCSeHxIyNWlJwSlvlDbR
582,2TXPpyvAghVDKSBeyEuUEH
583,3DarAbFujv6eYNliUTyqtz
584,3vqELgIl8luh8eRzQ2ZfvT
585,7ELYezIiSz16e0kyLZ5ZSL
586,1i36kkhmhBxf4lYJscg5zK
587,1mAey8kEPmDM2icL56kS9d
588,4rPkN1FMzQyFNP9cLUGIIB
589,6C0vyXq2uzFRTTLcE4whhl
590,7h2ozcUpSL7ulXjRPPQcDy
591,2YMCSqTmBTtcYA8dyUCvbT
592,3m49rgJQUz5GU07RWjf5SH
593,3JXF3LsUjyDIHjuwhXxdjo
594,4wARiMDhO5KKwQfOvN7sVD
595,5uEYRdEIh9Bo4fpjDd4Na9
596,29TPjc8wxfz4XMn21O7VsZ
597,7ancvwiSHq5uQSUCxW6IFY
598,7zRXkZJQJYuSIqqv7PaPvb
599,0WSEq9Ko4kFPt8yo3ICd6T
600,42bbDWZ8WmXTH7PkYAlGLu
601,4XGlpZw4XyOAisQrpodzPn
602,5U0AcKclgf0AbG11AUFLht
603,4Vutl1Y7OJOBwIqVISNmzL
604,0HEytGQM3bG1vKxER7IgVK
606,6gwMhuVPNWwFTTKHKRtJun
607,77KnJc8o5G1eKVwX5ywMeZ
608,5jwgqsTNFsKQIMrwhGZ5et
609,6Qyc6fS4DsZjB2mRW9DsQs
610,3B3eOgLJSqPEA0RfboIQVM
611,7tWlY8yUNtMNqMQ9zYxYZn
613,7skCLVpO2PbGfPib1FgD5C
614,6i1D00RfMyWljXRXz0QGzh
615,3Y7fpFZbHLpAvWJJYGehz0
617,4pCbJC43j3gSqG6Fen6upD
618,3xGmbotxgSltJ5qHX7aZfe
619,7ADBL3WZ9Oyj7zgkg7ODT8
620,7brRnnzMQtAPybNOwbmRms
621,1qE47wUKG2juJwPoLqg4C9
622,7ef4DlsgrMEH11cDZd32M6
623,4jbmgIyjGoXjY01XxatOx6
624,1WCEAGGRD066z2Q89ObXTq
625,3uwnnTQcHM1rDqSfA4gQNz
626,48kpWTPYYy5Edp3CHwrrOj
628,0H8Tclo4x4kbZruQtZFNSX
629,3Dzso9Q2WwupEclqgxBZht
630,0UKUfxIkDAMZz7hMdiVX3m
631,6y6xhAgZjvxy5kR5rigpY3
632,6KL88T4Ma4ABXqzgUoEwkd
633,72gv4zhNvRVdQA0eOenCal
634,2vaxUyVWNoA2L272YHEy70
635,6I9VzXrHxO9rA9A5euc8Ak
636,3QqHt507QJZCzluEYsnv4u
637,42BybLW0zc7x7ebEfy02pZ
638,4crczEC1PpoD8TsDsmoWNI
640,0fZfRJ4LlniAOAvq2beBRI
641,3UEOT0hD60yGB1OMWJxLQ8
642,3VQeQMWuVs3OfhvnaXznIo
643,7BiELrM90hRxpozaIXbsLw
644,53i7ll4F1dpYS0ZUQx9USd
645,4zN21mbAuaD0WqtmaTZZeP
646,2cSdAkzAf2T4j4aLvx4LLz
647,59NraMJsLaMCVtwXTSia8i
648,0smgkpVia3VCXgY4qhVJvp
649,6l8mgVN9Xf1hiDIFGA6CTE
651,2qyhy9ndo8tTGMzXeHTisR
652,7I4XALvCb2VEmOCtGUe5uY
653,4HjLBWJ7AKZQcmupi1NSM5
654,6f5ExP43esnvdKPddwKXJH
656,7x9aauaA9cu6tyfpHnqDLo
658,6MnmCvMN8VXzCC39Bgw0Gk
659,3GZD6HmiNUhxXYf8Gch723
660,0sC36nfOcdzpkVH6FvLkWA
661,4iKw50bGx0aJ9xhbQRZoT6
662,6hNsWSwcb178E04lKAuFWY
663,2RGklGgq8yLJdCHdrD4u05
664,54G8PUguzsZWFFBp6Df0Sh
665,1u8agC0Jk07muSlj6dimuH
666,6k8xVQKAUJ3yHgGU60ynHx
667,3PDkhwF1SdcVjePe99kWHq
668,0Yz0oFxgkcAmJv0TGYbJSd
669,5qSmlGZAZxLDpZkkjABkLn
670,6fig5yba2bz83NusaZ3NYe
671,2dhmHKoBVG9KtUVCaEKZ0U
672,1WeU59RKl4vJqM28wkRMBR
673,0aQJu4AgpNDtEnOJvAqfnV
674,22gyjlRvd0EdMEvgeJZgQS
675,2PTzA9gUQHdW9UGIIi5dAW
676,1T4OCzGzz8IYLITWLgnTvS
677,2xz3vNJwVQZ1KPDldcqZ7z
678,2OUKPEMTdteB5LrGVQQKUH
679,0HqllOAngT7fF5vJVRkSg7
680,3F1P0QzdXtBz0MXy7KIO5w
681,0DuWDLjriRPjDRoPgaCslY
682,0NYDzkF0yDl5eZD0zK12lx
683,0sm5R6MjXORjLcs1bulN6n
684,7wRijQK8vRmGLK0RYW7Vr1
685,5H0z9wLjzJfEqBnOczVj7j
686,5eJ7iwSRB61TFaaQz7TnwB
687,6M0tj2hONdMEveSWg3JdQG
688,4fouWK6XVHhzl78KzQ1UjL
689,0j9hwC26u5KWY8bf8Ajm4o
690,1qCHidBbWAgv3pn6UbZ4Lg
691,3Wrjm47oTz2sjIgck11l5e
692,1xzi1Jcr7mEi9K2RfzLOqS
694,7JQtczk2YMbVd9u176ltvl
695,5b6enCVP67LsqqrfTs6rxr
696,38GBNKZUhfBkk3oNlWzRYd
699,6DXZiYUbrYgrVIhfX3U9Z2
700,7gRFDGEzF9UkBV233yv2dc
701,1dQQ2QlnvXUehsRUrukKmf
702,4sYzLqXJ5PYWiLUcjUrz3i
703,3DXXKDbbZKyAZfNb96ST3q
705,1MaqkdFNIKPdpQGDzme5ss
706,0otRX6Z89qKkHkQ9OqJpKt
707,0XM1XnOYv8BkFPFVCU8ZjX
708,2Zo1PcszsT9WQ0ANntJbID
709,7BqBn9nzAq8spo5e7cZ0dJ
710,46HNZY1i7O6jwTA7Slo2PI
711,5Y35SjAfXjjG0sFQ3KOxmm
712,1sKtD5KMZgTFHbsxjgqfZh
713,5QDLhrAOJJdNAmCTJ8xMyW
714,0laYHRpNTS6i8FXdupHkJ4
715,739WUU1tPFLO4x4HJq561K
716,46IZ0fSY2mpAiktS3KOqds
717,4lLtanYk6tkMvooU0tWzG8
718,3GYlZ7tbxLOxe6ewMNVTkw
719,22vgEDb5hykfaTwLuskFGD
721,21rmQ3lrqkybMaVWOv950q
722,37jTPJgwCCmIGMPB45jrPV
723,2y4lAQpi5VTNLu2ldeTdUH
724,7w87IxuO7BDcJ3YUqCyMTT
726,0fgZUSa7D7aVvv3GfO0A1n
727,6xbraxG0bSBOuAr5IUXmtM
728,5qBiZQZDu9siEAYBG2AJwX
729,2fQxE0jVrjNMT9oJAXtSJR
730,0aj2QKJvz6CePykmlTApiD
731,00Mb3DuaIH1kjrwOku9CGU
732,5vTPxzm4h2bY9rYyVrGEU5
734,3DmW6y7wTEYHJZlLo1r6XJ
735,7iL6o9tox1zgHpKUfh9vuC
736,5BgPiQZiSUR0IpflMDJwzq
737,7LrgiRjCm2oKcuJGbmk0pg
738,6BaxqcoEM9r3LXisTyJjST
739,5Hroj5K7vLpIG4FNCRIjbP
740,4L9Ds4mpD3SuYoWwFUlv16
742,0OWZFobGSIW9GrSlQ9C5pc
743,42fw0rxRO2xbesF6mJfd4Y
744,2ePiBvKtQOCBHq9uOlwiiU
745,5ya0TmUQw2wHMkq36rPsnd
746,4K7wet87HnlWKi0CXWvg1i
747,2VPmBOuy7ZAOFSzKwW2IEt
748,3uKJ1sSJXGLCMItH0YNPkh
749,31MKhFNSudCNyzK38g5toI
750,3PY88239tYBnAv5LQoU2oY
751,0pnKcAh5binHOP9HexWwnZ
752,609qKv3KPAbdtp0LQH2buA
753,50QL2fqn6EDwpBUJ5QaQ4m
754,4Q6LSSmQwn94hioXfvzdbU
756,0Iuw6WPws324i7G7sCejTX
757,0eTCwA8AO9RhTaDz9A9cMW
759,3yOs8FffuG6hPbzQG9lIqV
760,2TDP6ok1O8yNtCAWltzyON
761,1nU9Fn9kh4pQ9zSghlh1Ka
762,6VWIznKmAzqd0fbfmTqCKm
763,5pWnFN70uilcWZSpDGBEtY
764,2mLjLAlChZXZpIZfyPF8Le
765,1wI3UvluGGKUeFeVFsP9do
766,09b84uwrksszAvJwM6J28L
767,1p52w0pwaw5PDFm4sPog96
768,1eLU27PPFxBhbp1CBjPh9J
769,4sw7D73E8KHAZVQxRNJArP
770,1bb6bROP3OXMHcPw84MtmN
771,600qxuj1ztGh2Z0JwHDosc
772,39QBkWKnap8wRSW4WB9OK0
773,2wGSgTmgSF3xjRrHkTc25R
774,3gY6tiCNsuVi6s8kPV6aQg
775,6KIKRz9eSTXdNsGUnomdtW
776,3elnkBcvQQpZLz71mnw5hT
777,348bhxVSN8fGmzsSnpSlQy
778,2Mb3zpobD0CvJGWv6NpsPy
779,6v4GRlnSBv3BDT02QGXcFT
781,2xql0pid3EUwW38AsywxhV
783,4mzP5mHkRvGxdhdGdAH7EJ
785,7ARveOiD31w2Nq0n5FsSf8
787,4KGGeE7RJsgLNZmnxGFlOj
788,0bYVPJvXr8ACmw313cVvhB
789,1acVBP8BcK6LTeNeFjfxnh
790,1fzAuUVbzlhZ1lJAx9PtY6
791,2L9N0zZnd37dwF0clgxMGI
793,2diyn0LGRfXprGer1atyMH
794,2psRActEWsTlYYd7EDoyVR
795,6KfoDhO4XUWSbnyKjNp9c4
796,1V6gIisPpYqgFeWbMLI0bA
797,3xYJScVfxByb61dYHTwiby
798,3i058E8uxTsYqJ5NWZzqSj
800,5XfeHUB3HCzm4jLxtpC349
801,3nbnyZb8F60d9vHLm8RX9N
802,04bvBqV0jKpWlUkHgThz7W
803,4lEQGE5sVAnx7sbDANs2Fu
804,0UYW7m5np4iNIupZb8zS4t
805,1IXE7nHAJcbOV9TxHPX7he
806,4YTrP8N3DU7zYyAR1OJ5h3
808,6RKFXPdoCBRcLljsxKZUNw
809,1yujmT64VJM0k7pceaLIC8
810,0YDSEyBzPsuQzkuc9Bu8iR
811,4sAn9xKA6VlpXHdpNtsyHl
812,2UzzLexdZFJeFK16PqgmV9
813,356fWfOPJxJ6ffowduEn19
814,7MediosGgQmnwMxAPGaIBm
815,3Vad9kkHv0DZZ0ioJdRrYV
816,2M0wZ9iOCsul9PgKCHnIWT
817,0aNyg1TBJXQlmDeg2pGmcu
818,7lY0fJVuJMY790QoVaAxOT
819,1Z1ziaHJ4FWNqrw14GVDI5
820,6PUqoHHVVIdcdlKaCAHt23
821,4ZH03VC3uJk7uKk7CwsBqH
822,0fsEFwLSJTSHSawhe864Cp
823,3DX4Y0egvc0slLcLl31h2p
824,51ODNNDZm21HU7wI7cccRr
825,1Q8PzhCFn0f8jUYsJJtXFx
826,1d0YPdf2S9muoxcxLKzfJC
827,3ddsRCIG5TcpytqsfTOnX1
828,6SqX9J8tXk7rXaspk7GWX1
829,6E4l5n4tw60zKTZQcfG7om
830,11BAVEGi1ivJ6JWLqKUNrZ
831,6U0GYSiAsb9bYvuOzQJLoq
832,2AudnnXiCjEevme86bV4Vm
833,5arLcvEJQtyd6bIyFQSBEF
834,4PTYsGKyNutboChNtcaFlv
835,4IaB0QgPz1mtWi9c6U0qcL
836,6ju5Ntn5pYksvkKxVkjEPK
838,1rIKgCH4H52lrvDcz50hS8
839,5NsruZ9uIydV0A196WZjkV
840,2JN3ugW1cEahbYw0I5mw5U
841,1z9kQ14XBSN0r2v6fx4IdG
842,21dpBHPTV7ythCHBI6Slcw
843,18UsAG7SfOQ5sxJEdjAMH0
844,3zwMVvkBe2qIKDObWgXw4N
845,0tMMPZEt6Gyrl9FI8zSicm
846,51Zw1cKDgkad0CXv23HCMU
848,3JqEamRw9aUvTKIhPXne9J
849,6kxaaIeowajN7w21PfMLbu
850,0v35bLSJRyWjnbGmBqbJtk
851,0wPKDeY4fZXT6k9bzV0kx0
852,7wo2UNeQBowm28hfAJsEMz
853,3gdPwk2wyOXNRnTA1KXnEr
854,7pT6WSg4PCt4mr5ZFyUfsF
855,193Dm5SqYy3hTSbuzxbwKc
856,79qxwHypONUt3AFq0WPpT9
857,6OmKbLCskNWi1IcfpZbeJc
858,3IQF4xCQUPicbA4hWfTxPo
859,5UY8jf31X2hJkiAualFTyh
860,0m0FYyIbSDiASOlQ64GDO5
861,20NKCc2ag4FT1DLk0C2oT5
862,4SVLlDIeY6w5axpMVhy0qH
863,5IFCyWplye09HytIP80RCF
864,6L1xhVHCJGvOfzTQoqabXR
865,7861kBrZ5aw7o4NfggcyYW
866,6TlRNJaezOdzdECnQeRuMM
867,1gFMesXcHHtIUhwzxYFOtz
868,77FVM2m7DYptj1geNF8PMm
869,3m6TozlibiEeicCbBLWv6g
870,3iL2l5gUqyPS6vDwJFgJTR
871,25u7tVNFhpPA450EFQBwML
872,0Cljme948Wje4YpIhKDuZu
873,1EtU16em39vcCVMx2mGpHq
874,5rb9QrpfcKFHM1EUbSIurX
875,2s35Ae5mo3i5WwxYdZ6SSB
876,5zn1hpm9N0ylKB7kOtpCw2
877,1KzW2k1dNh9nJrK6WhneTW
878,5nOMJVZ4rsY5PpYiKD15BS
879,4Sn8Bpw2q1h5y7sAA2C4X3
880,5aOpzm8W8zysk4asB9hxJw
881,0jFRZBZynRWrbWTwL3ro5B
883,4mEPquRcjE0gTFoylj2b5v
884,6sKAs2tdtTVTO2U0IgJAur
885,3HATF0OPbTWWy5TPz8KiAu
886,2hIwUSQhBcBiw7hwGMfChM
887,5Xl8hwINbHKEYBHIU0WL1i
888,4yn4T3wztHmguBIeSVwWie
890,32OlwWuMpZ6b0aN2RZOeMS
891,0vbtURX4qv1l7besfwmnD8
892,5Ay8r4qxJ1OYLS91tWysRf
893,5GXAXm5YOmYT0kL5jHvYBt
894,7jEyX4bqaCSdMN4D4JNnVj
895,7FjZU7XFs7P9jHI9Z0yRhK
896,55n9yjI6qqXh5F2mYvUc2y
897,6mICuAdrwEjh6Y6lroV2Kg
898,6rmtT7Y8cH7NpvovoPiV6k
899,76FZM38RC8XaAjJ77CVTNe
900,5gcNiPjsgdrm80ySpBsndm
901,3bMRZUYuP28yNJ0ANQUVHa
902,3N5xrJiOabR8ORribuzAEg
903,0yYJ9KUKo8EH37sR4nOJSa
904,41YilReCzIuW2R5h4m2v4j
905,5c3C4CtM2MoZfzy3No4ylZ
906,2mahYptfoUatLejXpAPyDT
907,4rHHTMucKX4UnEJUYppoaQ
908,4HRCadKHM8qYsPNoLFqC1R
909,6H9jDw8LfxisCDcQl6Y6xm
910,42VEXLkZebw6zndSCgNhdl
911,5nmd72VFTaPlsGS8DjINBC
912,2veHsC4clbrr1YzVWHfFul
913,3fZGd7WdjP87Kewk2fMMJo
914,5u9gLTQRKTWdO3FZFvr9jn
915,14SPFjj0Cs4tCxANojeCm0
916,48yzMOUd4SJQdqf1ipLgtw
917,0IHxYKT7NF0iEEDzjrKGVq
918,3zHnD80Pu87PWtIztUVuXW
919,7LJRin9QttMYSj0a9UPF74
920,5V1fYpBk9chlrhTDGR39Ds
921,6gBFPUFcJLzWGx4lenP6h2
922,5wujBwqG7INdStqGd4tRMX
923,5hwUsRKvnO5yThjVrxHQVt
924,1B87ZDrD3Pno9hS4stamWO
925,51rXHuKN8Loc4sUlKPODgH
926,2yJ9GVCLMmzBBfQAnfzlwr
928,5DBD1TTl06dvp3WqPEY5Pj
929,6ydWxkzjDktHsTzvWcaZ1i
930,7ibRB2S2WOfPKSvYkhcYtj
931,7eYAHC0RbBF9eaqWzT34Aq
933,2OmElPC8H23YsekF58fSbm
934,1nq3DVmmYHGmO0NrAJdvnl
935,5qHirGR7M9tdm6C17DlzSY
936,1Is8hGpkGMiePASAxBluxM
937,6AyWdCtEn1DdxjnxPeojR2
939,3QzAOrNlsabgbMwlZt7TAY
940,5JPtB3Wn3H4nXJhuFtvzak
941,2dSKFFNoNXKo3hPnlwUdPe
942,5FkoSXiJPKTNyYgALRJFhD
944,7fEoXCZTZFosUFvFQg1BmW
945,0XcmRDeHawnaIYRIKW1vMo
946,527k23H0A4Q0UJN3vGs0Da
947,7M2tXmeS15NAzEn7ABFeBg
948,25GyyK9CyZRiDCsPY51fIT
949,6oOJL3xj8zRz6URS0SwlXC
951,2Kbxfq8wkjMCno1QJe4yyw
952,17sPXQa8bT24ToCYHXuQXI
954,5B0kgjHULYJhAQkK5XsMoC
955,4aTyb0MBTzJXE75aHxeGW5
956,2jjsIpj4OG68TpojNlZcE6
957,2hx8cZug1bgRMXgW5RCTUV
958,2ZXxRC6V6AXzMdbLQZMHSB
959,1R7IfLjtJ4B9kqjIqaEeVf
960,3c6afiysmB7OnxQzzSqRfD
961,5NQJnRpJHRaupdegphntQT
962,64IrqnZBUoCFmF8BXGOHnK
963,5jgEJXjECdlhzNgfITSTVm
964,0BUoLE4o9eVahDHvTqak67
965,4719foL6R25RSHSJ1shNaj
966,5RC9YDHON0nXKmcQrL6WV6
967,1AWQoqb9bSvzTjaLralEkT
968,6UZqMYYQQThvV55IQPvscO
969,2yOm4lN7aTygtXanJFNFWU
970,2Gghr8ZxzXpU4WFBZrYWzs
971,4LiQ8uAynrXFWY0vimnAa1
972,6c0GmyBsE7mQtrVvxJaWc3
973,28IahcgGKn8QtXyag8SmX8
974,0fPBKo78nKsbIla2ExeefC
975,5X8kkUaUlAyAUr9TYqDFTH
976,2mKouqwAIdQnMP43zxR89r
977,5Ravsw8TmHN5wBiYPPYUFw
978,6uQKuonTU8VKBz5SHZuQXD
979,7wBThXx7BGZHJJ3aN3OPvv
980,09rBX6mQFN1GFJgfqUQak5
981,4QhnNyKDsAkXPwHkSnuc89
982,169YBmYRX0JNR3o4CJVWXY
983,32Ao6xLLir3dPOhQGvqgSB
984,1ry2mTVmAJHbNLzl5qww5v
985,2ezKXygNO30pXyDQXkm6oD
986,5H3TCfiw0CQTX1XU7A9TXM
987,40giNwfX1pR3smltxvs3dB
988,6rdkCkjk6D12xRpdMXy0I2
989,15djITIu5osnO9yIT29r0Z
990,3yHAVLtQy5ppBbuTUUhrlu
991,7fK0csBoqbcgUuWGV0cpoD
992,6FdShjf7nA2cqEnpv1tIia
993,3UEnF6y5tyHVtMzldS3svp
994,1xaLyNaaZC3i5tmaDAWP76
995,0wqdresTib8pJkrpKK1nmF
996,5nCwjUUsmBuNZKn9Xu10Os
997,0LMdtBOxbVgrYoA4n0Vwvv
998,3ssIlDegMnYbItztsKZegV
999,5XO1SOADQxkdqGLFxX8rLN
1000,0HOrDVS349XFcpCYsO2hAP
1001,4eGlvsFXmFqdJrVXe9FbgD
1002,0qxYx4F3vm1AOnfux6dDxP
1003,2bzBI23EJWHjXmGj3xlYaM
1004,3M8FzayQWtkvOhqMn2V4T2
1005,71SvEDmsOwIWw1IozsZoMA
1006,1xOXXYh6lTW8laxlW7JP2J
1007,5eMjcHVRRh1tbimTgJPoGn
1008,4MLBqAEzNN89o2M9h92Z26
1009,44fw7RulJyj7dGIi9qR86N
1010,480dDrqG7LO6qDaphHeXlM
1011,1u7kQUb3lQcpHaYRfia13A
1012,2JoZzpdeP2G6Csfdq5aLXP
1013,5EWPGh7jbTNO2wakv8LjUI
1014,4cIPLtg1avt2Jm3ne9S1zy
1015,1BmVQ5RGqqtF5cnsv6cQYu
1016,3YNFRvI0WnbvFdxUCQiKjR
1017,5tVA6TkbaAH9QMITTQRrNv
1018,2wvMC5EyaaYQwBfiwwY2xE
1019,4IHc6SzGPnzSPuHVEPzpJc
1021,6Becybd5TsDaxOiP9YzGf9
1022,7vl5ZhqeiVkdgF5yixjQqY
1023,6UMLA15085XgTSRRPmlFPK
1024,5GEAKD9oEgIMaxJSAfxwNB
1025,2JJGWZA1bno6sSGgtb61sy
1027,2l01nCr1aULfmyLs9phUE5
1028,6VRGXcDRhHWUmOF10X2MOK
1029,35p9K27mJB0n3fmKHFte6O
1030,7CEvYqcXhE11M8tBVIpUb0
1031,2VXgogrjjBbxNkaSbtJws1
1032,4OwCz4D1JvgPkNjyGrfSAH
1033,72iljsVZ5YVQs91vWxLgxJ
1034,1mekHae3Rj2GQPM670FRJV
1035,7Llqq3e3Hf4ICVJNBi2muE
1036,1t2WHyU3nogcZ8tuJpbTBI
1037,1gRQxbfL4ULWyTosgXSbWT
1038,0r0v060GKpseOx3zxy0d2b
1039,3On0xk67ckVLs1qEpTF8mY
1040,2gsNpSn7VvvJuSrIDfRoYy
1041,04w57GO5p1763E44KQ8AKB
1042,1oTHteQbmJw15rPxPVXUTv
1043,43ZyHQITOjhciSUUNPVRHc
1044,4kfm1uI9QGaoN9qm6CkAMn
1045,4h7qcXBtaOJnmrapxoWxGf
1046,1qDrWA6lyx8cLECdZE7TV7
1047,4tqcoej1zPvwePZCzuAjJd
1049,7sKt5Y2zJpYw78iAxndB8y
1050,4bJygwUKrRgq1stlNXcgMg
1051,0nbXyq5TXYPCO7pr3N8S4I
1052,2IJI9wQqrZlCIXv3439Ign
1054,5uyW7rWS4kXocN86lJ2zw8
1055,2IHEUoOiZlTFzSPy8dV9D1
1058,6jBCehpNMkwFVF3dz4nLIW
1059,12PNcnMsjsZ3eHm62t8hiy
1060,4vvnuJlgBeNVwq3TNmLMNX
1062,39NDBdU5Xkm5pCFGa5kZtI
1063,2p8IUWQDrpjuFltbdgLOag
1064,1DMEzmAoQIikcL52psptQL
1065,0jiW3PNiHJxOhWh9oPBJ7m
1067,4BiiOzZCrXEzHRLYcYFiD5
1068,6rje9f1wRFJDO2iTORw0lH
1069,22L7bfCiAkJo5xGSQgmiIO
1070,1ZemPoaj7LBj1RAQrb89EC
1071,2QihWAl9xAwGPm5vGoO7uM
1072,5QZKcQDp0tCcvMdyqEciBV
1073,6Nle9hKrkL1wQpwNfEkxjh
1075,6fZpcVRr45Z6fLtciswBBU
1077,03nPEoQOYMuDe7KmGljpmd
1078,5bJ1DrEM4hNCafcDd1oxHx
1079,37AGgp9VP8TVJBfEat74Bj
1080,06gD2ZtK3Dzc1BYqWExQJJ
1081,4rJesaufMl2xD0f2G8Xgnd
1082,5OusUgzHz6Ulb3GZT7WUo5
1083,43SoxERu5UlXAgt4Es1VQU
1085,5aj0xPGiEUN3aI2oOYu14S
1086,5CG9Ps5ynNjpKJHmwc95pa
1087,3fonAuTvuI5KMcmnueLAPq
1088,30MM5jWpUmOxtTNd9Ey5LZ
1089,4viFAHmivkYQKkwLvwKOgg
1090,109ETcT7xie3TKvt1Ser6t
1091,4flWHSLV6ut0sPu0nQ1lCE
1092,3Wy9UYxGgqRQv65w5LwQB7
1094,0sKEilrw1GrBlG6qsTCrP4
1095,2pxN8Z0hMuIjLQkbUYHyhY
1096,5twSy6ffBrF03mnNUsUgJZ
1097,7nERlpaH7QghaO7jC60Xtu
1098,7qoJUjzBMWucLSFvZrDoGG
1099,5owS9iWWGd6mDlFjUFzBsw
1100,3qN5qMTKyEEmiTZD38BNTT
1101,3h0xzCrYEVVFhhycY7jGBs
1102,6FZDfxM3a3UCqtzo5pxSLZ
1103,0hwkukpHcBJfGcIUxi1tK2
1104,6ap9lSRJ0iLriGLqoJ44cq
1105,5KE9b4x7Zj2A8XtbkqhqTe
1106,7BdlyzVvOqmwPH9dYtZfsx
1107,1Vh1rVjig0o63CQexSQ5UY
1108,6U9OkV9oa8kN8LyBGf3wvJ
1109,4mGdjNMo0RonTlOEb7cYg4
1110,1gR8SPZg0pDh2F0Ridi3e1
1111,0wdKiSBUT7aZkXUIdJWcwC
1113,0q2vG0UVuy6ajjcpkQHdZM
1114,2h3jBh2kDDRSDbwzJqelFx
1116,1G54pa1a2jZQmOpTHh4nht
1117,10Tjys9wtaB6UPKTpC3cny
1118,2xbI8Vmyv3TkpTdywpPyNw
1119,4TXdMmTNsCETBK0D7PCYsL
1120,0HLhptvI8NozbOHRLNniFz
1121,29MazyIxJ5Soawh6gpZmpw
1122,3cJ5aAeEhjwzCrcx7TlmYr
1123,54vkqsKGqvoP3iNDImX8KF
1124,4ZTTUAjJCd4NMZmIU7RB4c
1125,7hauyzTQ4EQcksL390cTPU
1126,0Slly1wh3Bro24xrO7tEhS
1127,6aDsgHPZsMztSbZernzlF8
1128,5mx03GivWRXonLJKIJJgxA
1129,6cLrGfKIIRHYQw7S0mCDhA
1130,3RhyHYnYxuGnP8njFlNxHq
1131,4w9qnwPPJRWPOw6DHhNtIc
1132,30DtLI8689s4Tr98c2CgzL
1133,7eQHxigpuDJjCG50JyzU8v
1134,2k5rWMAz9RvFS3k3kk3cc5
1135,2ChOMSamIbDfZ4lA9yAiRA
1136,4YadhxDW5xup3LMqC4VT75
1137,03zuGqxMwUFFmCwusq0WKE
1138,0xzI1KAr0Yd9tv8jlIk3sn
1139,0b7qBgsDlYz5koxoIdTZTe
1140,1TQXIltqoZ5XXyfCbAeSQQ
1141,6DCZcSspjsKoFjzjrWoCdn
1142,6LcauUZjF1eXQrgqMUecHX
1143,4W8sUeokQKfHt1uTXp0Jq0
1144,6E90gq0KO6FYZVOXx8kCcC
1145,4X4v3KtkUXwXvDBw5KS9cp
1147,7CZyCXKG6d5ALeq41sLzbw
1148,4wuCQX7JvAZLlrcmH4AeZF
1149,6XHVuErjQ4XNm6nDPVCxVX
1150,2W4yABdLc4Jnds67Poi5Nl
1151,6ocbgoVGwYJhOv1GgI9NsF
1152,7h0d2h0fUmzbs7zeFigJPn
1153,5UKYX8eywMafGPVzBlxsed
1154,44b5itlYXwofZZoPFsNzcT
1155,6qc5EODnUU7XX4zn8B4c89
1156,7vRriwrloYVaoAe3a9wJHe
1157,05mDaV9Vb3wrzjF6OPZnhq
1158,6nO3tr47nr2P7f3hXb8JIo
1159,3W2m2qa0vPHoCMqEjrpLAo
1160,3K6U7TamNyVSWcFH8pCQHX
1161,0uYMerBHiIHrCv9FHfzUMe
1162,6S5dMjMifQYmyTu1mX4f8P
1164,3z4CGd63tpUn9a6oQSG0CI
1165,1KVczjazCcCCgM3gXXUl47
1166,6jdTkoEaer7XNGSblczoSu
1167,1jaTQ3nqY3oAAYyCTbIvnM
1168,6PGoSes0D9eUDeeAafB2As
1169,65TggCitjPK0sUXtwgOkN9
1170,0et3KfGLKitEvAnvzIa4X0
1171,285pBltuF7vW8TeWk8hdRR
1172,2ihL1KGMA0geIqGT5pkZzo
1173,1zikqHEDuxRMnhYxSR41lR
1174,0PQoUlzP7ILdcrzpajHXc0
1176,22ykS8KWpd2r4zcRZ0XMK5
1177,2HuHVkQC4P4ePPi0MZa9KD
1178,6eSU1exzDvBEXmBRxspeh5
1179,3wdnX9UwfyXkNq0FJVhQQD
1180,2PI3dfxZWkaEpBoCJq56RK
1181,3kxwFmWdVNvaJKE0xNGHpQ
1182,69wzXH2xyoQCaMydQ45rUt
1183,7HYJ0Hn3ZxDIsjniYuvLkN
1184,3W3v72EKmAfAiuJm9BDi9b
1185,35ayR3m335LwoRtLBBYT3M
1186,0AH3qQFtYXEoCJrc1vysel
1187,4GvHfRUyNfNz86FbnDThDl
1189,4ABJiMwPkprpcekOLKkseM
1190,5L5JUSGOaH6lulTUltJfgE
1191,7amfTemBf8YlQr96FsOzgj
1192,7FvfODgUxsxQNDaYDEboIL
1193,22sKunNSPMCy2lvSLOY5yX
1194,749MvEtNXKsgfq5trXJUbk
1195,3c9IKwzgIPcCweCl9so748
1197,5HqE39vRYVwIXOmMKd9Sb3
1198,4J7CKHCF3mdL4diUsmW8lq
1199,6Lytqcs0fMmCO8JNewrnbj
1201,5odlY52u43F5BjByhxg7wg
1202,74eJR4gwG1ZmG4BFkbrOlA
1203,4E2sMWXzxK3uYJerGbeUfp
1204,5PyDJG7SQRgWXefgexqIge
1205,6Ky8ROf2VWY5vwoGfMet7x
1206,0hL9gOw6XBWsygEUcVjxEc
1207,0FA4wrjDJvJTTU8AepZTup
1208,5VxmI3IdgAxWVvUnJoLuY2
1210,4u4A4lPpiw54evLxTaLeRJ
1211,1bgKMxPQU7JIZEhNsM1vFs
1212,6WzRpISELf3YglGAh7TXcG
1213,5ZsaCdte7URxwAy4PWHLM4
1214,6wlIZYQe2wKJSCSqMks1Vk
1216,2qlBAT108lYOzlXhBxBqEv
1217,4MTuL20LF3pWebeJbcNh7p
1218,3l3iCfpZsxbxWJhYoiQNkD
1219,6W9qtw3ddhkYznaOxB50p8
1220,5LUiNa4UdgknHFq1EedM5B
1221,1ACFweuuvf6MHtptObgreR
1222,70K7asvCcXoG65st5BGNW8
1223,2UsioXuoS0jpSFsB6NM6il
1224,2hVKyTO50HPKfVmFas7Fcm
1225,6kvjzDjx2Z3z23xRq13xMu
1226,6ziqWx82jgkQYhyIALoraH
1227,3JhgPs7rbmzLBWRvHlel8U
1228,5x4FSFC6mgkxZBXJkVUr73
1229,2hT5X2DjHG7D6vmhTWBDsG
1230,6R84ZlQF7gGkPB6o3GLZXB
1231,6I5SDPgn2iW2J72WHGWY69
1232,3bq9ORGoDzS7pPof7EEULY
1233,185mPScSGRuSVx3vRWhfhg
1234,0JdP2zOsziFnVOsP555qkH
1235,6XmGXRgcSdCGG2u5gSmAJ9
1236,6ZqfSf0CcTX17nXsn1y7HG
1237,49ozuucNvoHNstYChqEzPU
1238,3SZkUTIxaQ7MqIbNrjBGfx
1239,0uU5k5t4YZ1NTnwXCPhga2
1240,1dWUBCoztAMZcqec1CAE6z
1241,7r2DoJ1tzl12CJ3fbsmoUT
1242,2K7xn816oNHJZ0aVqdQsha
1243,72XhVH8vlREICt6NmT623Q
1244,7ggnnK9KC8ZKhahPdnY0c3
1246,40dfo65kBJa1UgzkD652Gl
1247,7uo2L5FAja3pWIBa3HJVeC
1248,1XTY6rA7XQosc0ynkkE9kN
1249,7KokYm8cMIXCsGVmUvKtqf
1250,1Jt24MPLz6fGXSCTlXTjzF
1251,43zdsphuZLzwA9k4DJhU0I
1252,51Grh1RyUDcMBbpuyUIUHI
1253,39sDitIeCMrVX2QyXHY46t
1254,7IA1Rvt3w8p0PihpYH9JTB
1255,38rp6FLYxF43GhnLcb99wu
1256,5TXDeTFVRVY7Cvt0Dw4vWW
1257,5bs5GopDitBx9xjoHHRDoo
1258,7zwn1eykZtZ5LODrf7c0tS
1259,4R8BdwRidxAWaYyFNU00P1
1260,4BCda1bJa57fTMB2laaOeX
1261,102rhgJ5PEFt62e0PumSF2
1262,0Lpehb4R7VcfpxRpol1s91
1263,7behMMmmyTzM0MGfMwiq5Z
1264,0f0MYJ1C8IPN46v921wzFx
1265,2InIRfPZRlTO6k1qCxRsRj
1266,7oywdKWSg4V37AE05eT9bX
1267,3ZcLmonVVD1MTQtmQb8yf3
1268,5kyJ6sznnWACqHbw65p34Q
1269,4tcEGTeeU5dNLwj6UZ5Jzl
1270,4G1TF5lAQFhAJ6KjduKC0g
1271,78Qk1m8zbvvvrmWH2M1yxT
1272,5NA61z16lTDuTc5QTuEjno
1273,36gcliMRX1vCpgnrZE3dFZ
1274,1FxHNKoRql64kL15iccqz1
1275,2Tqvu6la5srS2Fz3pID1EB
1276,2M4tVhRXucLE9M3STv21Yi
1278,1TytykMo9zFzNdRbqTxfep
1279,38T0tPVZHcPZyhtOcCP7pF
1280,3T00mhdOYUuM5yiuPs3xhs
1281,6BwPstqf4RoRMbDidFWNxE
1282,5lsCfINkhQtzDgtHZfVxpP
1283,5WOnsi0Bug74LmhxcPfKvR
1284,5vlzH0ps6WDyb158oFTAb3
1286,23tSVCziOnXVAyayQt0Bi7
1287,40FUdLENDY3sZmHEM25lpE
1288,1ld3ibWlGwo4oBFPb6pmKk
1289,5Y2n6pW4Vqr4Mzkd9V4Uk8
1290,0l7cfP9dZBrkkNkR7NXnQO
1291,4EAKIDNz9sETtpeLa7LrQi
1292,0yk4aUb3Y6ii7Bq2OqjtWJ
1293,0Cv7pfVZT1KjaqpylUsYQH
1294,7ClE91ZjLxV5do8bAAxDe0
1295,7nDxeN6NDc7v3v774IXiC5
1296,7MysdJNLp89Xl3zoSd5bC5
1297,4BtscbDsAeMeIXRCpEXMTH
1298,5w9upngVRHNjdZcRC7Xxr2
1299,4QAUGy6k7c3IOAhgWz52r7
1300,3oW6SWwGqiZSPTiAp7ZQoH
1301,5oVEXLYT47mTPnHwTGHciX
1302,1z4DZ2z4Lt5dlBcBFmtYyR
1303,0ZyATfTcQN9uXNbdJEDlAP
1305,67wUHsoXdZ8UOLt6rodpQ9
1309,0OWhKvvsHptt6vnnNUSM9a
1310,3wx2kQWPn9p5UppQbNhPAk
1311,65eeFF3JE3YytATkV5Ga1Y
1312,7IWV29mryrqtO0JVgnPtfv
1313,7GQjJEwqlp6m5HNWVQd6OR
1314,3ts6xK5GzfMAAriT9AIBmP
1315,3vCUelLOtiuNF78p9LNWZF
1316,2WKLUgklz0VDX5bKTZ3eYD
1317,3dCZm5HrG0jIXAHfNkg2H0
1318,5qdQPrWmZv8xYhMJCDrdHF
1319,5g15o2Sm55Hn9ShK5yEXgp
1320,0G7qyvqwjfMdHZn4RwiAdf
1321,6r7FXNO57mlZCBY6PXcZZT
1322,2x8D2KLYFsVcj0FvR6kKrt
1323,1Ks2UH3WvpohH9q8b03NM7
1324,4zbInBD4rY7tYPJ16LVxdh
1325,34uuCQXbo3HpDOVtOsBVqV
1326,5GHb72Wb3FiB29SOD4ZfoO
1327,60JZRy4j9Eso1yAAAX99wl
1328,2g1ZKcR6cd2lmWOelkR9b1
1329,1EXDjOpV3Lbiv8CzJ7caHs
1330,2RpKh7kXSdO8NLrW9VQ46p
1332,4UZifG6wVTl3dFIeHKLi8y
1333,0lwyzp7GppQxv0Eu6wRkUo
1335,7l0u38sWDqqk6TySNOZtO3
1336,1W6EjXv13EunrWkMdVmxor
1337,57kR5SniQIbsbVoIjjOUDa
1338,0YEXqaMeTYjuvGQ0PpOTiL
1339,223t7TwvWm5PuE1IuWpRZM
1340,4Hu18LOm86eQBQBW7X5sJn
1341,6OCbBpYhFHbBbfdnaoEsZ1
1342,70GVGpU0PCNX5op7l3qYTp
1343,5pUO56AVaHEO685BLIBsVt
1344,5qFL2uwfnGU8FccwLMgPNQ
1346,6iSbPgiyJvh7UtLTv6raLk
1347,0uDI12DDNM6PVH1DpdokNk
1348,0ckNlWYwtIlbl44kQefHuo
1349,0DUGf2Xn2cmuc4VS8fqY8S
1350,5MZ5UoRKB2DWpOB8oIbAoT
1352,3XJ25IKHBKosyTvd09BqYm
1353,1DtlyZk7uxrg5T29zQls44
1354,4JHfB0tPjE38N5KTSaX39I
1355,2f6jnGhh7fPx4nzwZu7Akp
1356,1xvh5ujI8fogjmadcLmLBZ
1357,43aktSsHN3Pgu0dzw3BS5W
1358,1oB5Yc3R085Uexd8dH4cjs
1359,2ufW8qoeh5qFqjqbJHlpin
1360,3yCAdf7LUyTYGj8uBJ51NJ
1361,2n7eITOXa1UK6AksMavXk6
1362,450ieMdH9byHoYTXfx8ORV
1363,7a9XJvHtk48KWlbXoFST5e
1364,2Otv4kpv5ErhsIsq6QIKDN
1365,7ikxeH5UEtVb5okhmgk60g
1366,1PVLvmbbo4joXIgzGFKDsp
1367,75opBODhJblQgRVzd5XmyO
1368,25vG6krgfp2FQGNXzP4ZFV
1370,6VZlZwLkThFbO3gmBYeDUK
1371,2ySjgeas9RMxUpapIAyCEq
1372,0GOvMicWHWuEESROLcNhXG
1373,6EyAmtzCbZsyr6ZZZc5Uyi
1374,0nkaAtNXPZJhwxuAqL2DCD
1375,6zBFQ5dWHEmEx2RDoZ1ZP2
1376,7k2CFLN4PmH655Bsf6841S
1377,6hbcSe4pcw8I2vhDG4XnWt
1378,4HPstvnwtJFLilRu33XNLD
1379,3c8xkYDVtNFn94BcvUiDdv
1380,4wNIkl5XGiAACjFBlDWuSd
1381,6sqNctd7MlJoKDOxPVCAvU
1382,0TVV2gFROJaB3kIZyCUvIY
1383,6v0UJD4a2FtleHeSYVX02A
1384,34pRqzRiFcIuyRMuuEayzY
1385,5JCoSi02qi3jJeHdZXMmR8
1386,6dDIOU6AqgLkrjFNPgvKY6
1387,6T689Jvh5KrSXyaPtUWZtQ
1388,4Wui4miiL1JR3QqWcbcKwD
1389,3U5JVgI2x4rDyHGObzJfNf
1391,7EGhmltmWJHCHobd3g8Hnw
1393,0BxfFnk0YzONqvmrkO0QrB
1394,6tl840rz5kY1ybVjv1jre2
1395,5oO3drDxtziYU2H1X23ZIp
1396,4wH7ZoqgETaACS9BlUkvuY
1397,1sHRnn8zuTMusee3ahseXC
1398,0Z5ok0QLLttAKsujOZYOXf
1399,6ebkx7Q5tTxrCxKq4GYj0Y
1401,5f6igUw1asUL4AGXSvgTW8
1402,1RJZLVGpBG9nNZiHRQSWTp
1403,0VnfaVKFyKNQGm9Sk7RrOX
1404,72RFLY7sigTDszBRAKg9Mf
1405,0k4RcppaFqE0a43xxliMyv
1406,74yA2S6c71vhUvfh8VkCBY
1407,5WNa0eaGNwQ1ZXTHVlULpd
1408,4DVkTvbzmQKB31PciE7X2a
1410,3V2cgvvI483DKomiZBYsAA
1411,0Mcts4Xh4FKZXOIy9tAjbA
1412,6ZpR2XFuQJSHAQwg9495KZ
1413,67awxiNHNyjMXhVgsHuIrs
1414,1Tk7GuYDspyvq16jy2Tpwl
1415,4CCUesOHmlajKGEqXPx5P1
1416,1U3nHai9ueJCuEXbf8TvBA
1417,3qgtGhoCutbBX73cd6ArCW
1418,1WbfdfG6XiAOZlgU1jvOjy
1422,1qjl8UJtWTHrk4SFpwftSN
1423,3f0i4XGaih1vziceGVZMMl
1424,0Nu9WA8kEbBWEsay2s8Q0U
1425,7yrJnekdlwWARt5lmVqJ6L
1426,4obHzpwGrjoTuZh2DItEMZ
1428,5waGccg9kVLjBsaaqJNaRP
1431,7kkLBfxW41iVO0cdLU9e9S
1432,4N3IheRvS1NzWBPQ3Fvb6r
1433,3cBsEDNhFI9E82vPj3kvi3
1434,4KOEQ1VPa1Ri5PWT1h84jt
1439,6leiB1fEsTnVCuPiielde5
1440,6Yqmv7XJLCrQEauMbPGZSw
1441,2Hc1LaV6bzFil3dE71eORA
1442,2hIAYj4280fqfNCmGhHWxN
1443,6L4XGeAdRRC32vVJpp8MdM
1444,4GXl8l1MfZPf2GvpyRPJBf
1445,61eJ7HqXGyHfmHIqJApX7v
1446,4S4Mfvv03M1cHgIOJcbUCL
1447,3WRIaWsws011vHMd9uzPjG
1448,6AomCkEOQUODCYzQwH4SWC
1449,09hbZ8vF8YmlVQq55Ai1Ay
1450,0hPLZrnDgtKxrym1BHjDhd
1451,4gKWtJGlhxKKSyV65llt2G
1452,7wTA0NKIm6T7nP2kaymU2a
1453,5PvVkf1Yuq3XyMqqjPiKPd
1454,3azJifCSqg9fRij2yKIbWz
1455,3QHGfxhjexLaMKGHXagfRs
1456,1xzBco0xcoJEDXktl7Jxrr
1457,4txKMpsSfZRV6durPuHVq0
1458,1HvTxgCj0mTzQlEo0zLvFb
1460,4TPot2zdZDMXE8J8nkmvW3
1461,4NN6N5TxBO5k9uqu0W4gfQ
1462,6tdIXKADoiJMTG5buEqxp3
1463,2WrldKXSBVbNNm3A9vJryi
1464,1UsQe17Ef7tV1ahFqHEFR3
1465,3vF6JeSyCHaCAjDuO2h3zr
1466,4sCP9bdYS6SoLs1LUAjg5A
1467,6GNG0YQixWuLE0M5FtrRxY
1469,4pNT8XTKWb2vhcsqwzdXCT
1470,6z1nMCq1HJSZ78u2jYtrDT
1471,1Veqi3SYHPl8a1lsB5M1AY
1472,1j6kDJttn6wbVyMaM42Nxm
1474,6QHlEUJAtLzAtb1ZmhSamg
1475,4xl69qYIDxUIACXSeRkXOY
1476,2IRZnDFmlqMuOrYOLnZZyc
1477,7fOBp3Fs248pfOEMZAIeRo
1479,3sjtQ07ptlPzw2N4YmGW3S
1480,0ug5NqcwcFR2xrfTkc7k8e
1482,3cU2wBxuV6nFiuf6PJZNlC
1484,37PJvlIfYWqEX6fgjHlnTf
1485,6nCDnzErqalOaIY3EJM8NK
1487,6Uj1ctrBOjOas8xZXGqKk4
1488,4DTrKnvkHtwQN6kBu4XXIF
1489,60c0p6GGnuwdKcQnmuM2zC
1490,69ZzhvHnSSnzMO8SMYEJWb
1491,6O5TrlFWTYvznd9fMC0VvU
1492,3U3Ff8ZvL6oEu1r98gCCWW
1493,6FB3v4YcR57y4tXFcdxI1E
1494,3ZFTkvIE7kyPt6Nu3PEa7V
1495,2wqxcctWptasX4VnP2sRvV
1497,5NwgcuLPcg8GW9KF015pPi
1498,0O45fw2L5vsWpdsOdXwNAR
1499,4i2qxFEVVUi8yOYoxB8TCX
1500,6GdhBJBl51BAITWjFyhbtl
1501,6cao7lsXIsEjGKBobqS5Cj
1502,5kr9HU28PSpkmQZ6z9Z1Mx
1503,5NR90euHZrzjEf95oW4tTg
1504,7xnElMPFCmSlMJ0AY2hnxc
1505,4AkOOrrgrM4hBnZOx3QTtp
1506,5KgBj14914cz5SirCMvbCm
1507,6bJgpGMGgaLfsEE3v7j1ix
1508,30096a5EMOSaF9c2aSa4TH
1509,4OGkTQRmsTjodBox6nMzFU
1510,5aNrrMgzrA7CCuGQJC3iVu
1511,2KOR0FNI6I9OgSH0w59oCI
1512,13r6KMa2z4rubgjgjWfdU6
1513,65YPiyiBBGQgqjiSG8jkvM
1514,29e4KOBzZDOX6qnpYbjwoW
1515,1OMvtjYhjtItuTzrp7NV99
1516,68BWeLhmc7G805o8KPUWWm
1517,5MNfAmHvsqOliIxtwiFzsz
1518,1r08AN9HcG09RsM5Ubf34W
1519,2WYs5LxOZfEyURXu7V0O1a
1520,6l6qbSwlEAWRGfbL5sf8y8
1521,0pYXcXPT2y2XIRcR50ZQp2
1522,0drhA9z3U2NUoF3dM4WeQT
1523,2PMzTucvbLGxeHxoFS5giO
1524,4lFVJRzXwMf3GsNtu8uAUO
1525,4szRbMciW66xH9aectvQaM
1526,2HzQOaJEL8da3TMOlq2hI6
1527,72j7y7nVfhi69H8X8oRbye
1528,7LVKsyY52XLOsUhgEX884X
1529,2gxG1d0SZNpJHJFSQlE7Vm
1530,3qlAAPfdKxu1nXhlQKSlXG
1531,3JErDUaUWwiEapuiOQqqVa
1532,5I9cYuXsqeKz107ChK2Bc9
1533,1EhyAut3iIEaVInBzblBsT
1534,213NqEz8RGwveGOzpbbcRm
1535,0Iz5oWKGyV6vo6sG99pNh7
1536,6LW1EeVHOqS9JMlh1Glj9e
1537,2LuK7AFAheihnvCKo1Mhen
1538,6V074QUpLYTJCaCJMfvX6q
1539,5LSCfqeq1u1GxKogSQFEZn
1540,3CArFtrkJzWkxgjmX7ki9N
1541,6KBYefIoo7KydImq1uUQlL
1543,2fOlBMkWR7lXJfqp5VTbDG
1544,32OkBQinMWqa7ZydEkHqVi
1545,5SsR3wtCOafDmZgvIdRhSm
1548,10I3CmmwT0BkOVhduDy53o
1549,4guBZjUyrGoHsTahO3IHdj
1551,591ks2A0o7ratTpiRdI7M6
1553,6REbwUNlppTfcnV4d4ZoZi
1554,2AYTGaclgKXACh13nJRVcV
1556,46NzAxDzsE443IsyZndZfP
1557,4S7YHmlWwfwArgd8LfSPud
1558,3PYx9Wte3jwb48V0wArMOy
1559,5Cg98kiDYtCEHmjcKD0CJD
1560,2DLqygtisuvhIUeV3aKJSe
1561,0mtmrbRFsectINNpHdDkUQ
1562,1aFvsXY4iv75uyW54kwDly
1563,5pvVAwQbuFoR7LkcicrKnk
1564,6p6KdVpfKtTMisH5VfWqsL
1565,18W92Zm1KjLCbUIszOhpkD
1566,7rDBfBqk3ZFi10BozUl5o5
1567,6TaqooOXAEcijL6G1AWS2K
1568,1nas007nDbzLwDGwvMdz79
1569,6Pgkp4qUoTmJIPn7ReaGxL
1570,0mdaq2XYJsFTXm3rLMdUc0
1571,2SeCy6W5rzKaigZlyF8ZWI
1572,0w2CIOs32MeHgUOVgAsDt8
1573,6NJxS9DLaRDZ0NcllPEYfg
1575,5VGBgPVFO3e0lWz4WHYntQ
1576,7GiozRoMk95aFl1WbrDdjX
1577,72Bz4ciRZPBcVSw0nrZDHi
1578,3aLWuWKHaTV4Ok7LKvXRYn
1579,1C9a3oqFtRfuvtbKG26eqQ
1581,1trBv3yXEwFq7BLooqpf8P
1582,6jXaJ37W4yKIBOEMpjGlli
1583,0DbO2UQHQvlcwMppuvmTpI
1584,410TZrK18uRjtsTunG14cl
1585,2rFqkDRJlumT7QjljlldlR
1586,2yUAogxEgxEHBGG3zw57x9
1588,45ttRl8uNtJkop7r9dmP4e
1589,4Se3fXoHJkcraQzJXo2IYn
1590,2v2j25recIr66jLFS1ELuQ
1591,4IO2X2YoXoUMv0M2rwomLC
1592,7CbHgNrlybV0uyP1wJINDd
1593,3PbRjYudOMppYH3vjW0o8c
1595,0bytLQW2lHZf8QcSaXnGMc
1596,156LzfvMNKuXuiot4uzhGD
1598,7sT7kZEYd1MrmzLLIRVZas
1599,2sqsNXfN0HtgDEgaHXiUTa
1600,5eqK0tbzUPo2SoeZsov04s
1601,2Y40huo5ewaKYxsFintYtF
1602,5A6OHHy73AR5tLxgTc98zz
1603,4PnNzWe1LJoAMD5j5RHpI0
1604,3hsmbFKT5Cujb5GQjqEU39
1605,0uxSUdBrJy9Un0EYoBowng
1606,1hvInhBgFlH88UaZrLJ43O
1607,3hQCHzkE5oSA3F1xM8bpcM
1608,4PmMVdIFpJTB9WQbmILf4p
1609,3QHPHLAkYV5cQBUYs6rowx
1610,7ngdkrVQPgP3AoIxUrTpHT
1611,5kkxyqYSQrnHpfsmkjKi81
1612,22WV03i2lBbwNVCE1g671p
1613,0I3q5fE6wg7LIfHGngUTnV
1615,4mmkhcEm1Ljy1U9nwtsxUo
1616,2IGr3q6ljcpLvHDFLtI0yW
1617,3vBv2Tp0kHyBDUBZJr9GXQ
1619,28GUjBGqZVcAV4PHSYzkj2
1621,4N5s8lPTsjI9EGP7K4SXzB
1622,1leQBt3X85aFCucHi4CEYt
1624,2PLencwIH6QyZ2mSsMYO0R
1628,3zc9SflSDf8EnFc7NNoqO9
1629,7a53HqqArd4b9NF4XAmlbI
1630,1jEBSDN5vYViJQr78W7jr2
1631,3uUuGVFu1V7jTQL60S1r8z
1633,1zv3WFUbZ5vPxFq9I2jAU1
1634,6hEJvWfNOvTUhLuV1Or1of
1635,0Fc9QSMX6fgEBgDjUax7t7
1636,3wFM8TWbbkwPuB6TyqpVDv
1637,16vUeW77F6Xiz1irHBvTAM
1638,4c4qqhFrvOgddweMQS0ptG
1639,1sOfNRe7zyQkJj0cY6z2k8
1640,1mXVgsBdtIVeCLJnSnmtdV
1641,3Kkjo3cT83cw09VJyrLNwX
1643,1KixkQVDUHggZMU9dUobgm
1644,2kIq7Oq6YNfdUuTrmPC4w1
1646,1UI0l2L66HJ9AtoEOlHzv4
1647,3TcL0dyCMyr0kyTTc4NLgI
1648,4dvNIeJawEWqMe1ZfYKcXt
1649,557un1HgwYMuqfWGSTmnxw
1650,7dZ1Odmx9jWIweQSatnRqo
1651,1jlG3KJ3gdYmhfuySFfpO1
1652,5jE48hhRu8E6zBDPRSkEq7
1654,1Tip6R4swhC7E6hgILBjrE
1655,0SiywuOBRcynK0uKGWdCnn
1656,4nyY8oVjbX2d4qzlpiVM5n
1659,0k664IuFwVP557Gnx7RhIl
1661,1HvCFAUIWQsWV9zud3UhDl
1663,2fuXfy2gU40iP1q7ZqYFfq
1664,2uZWffKoemZDI0gHcBEcDc
1665,6Xy72HZ9nf2jx48dQuF1mA
1666,6Knv6wdA0luoMUuuoYi2i1
1667,3NBDgwEAGMj0aKRsU8zoO9
1668,2fZW7ByWe46rGih0FtP2XK
1669,3DCc4HPrVukBeaDGe3Cosk
1670,6jreFSOTUAViWjKyzOC4Kg
1671,0wI7QkCcs8FUQE1OkXUIqd
1672,0fYVliAYKHuPmECRs1pbRf
1673,1cYyZ1N98GyRS3cMcccFHd
1674,4raMIjIjMc8JohHth7l9lG
1675,3t0J8vI9StQD8KIBkT2Cp5
1676,1d4xcg24qQlM8xQmBUC4XT
1677,2ErAwXXUgBGLXwm4IgZRQv
1678,5BOZ4skcMubA0R6RD4zf64
1679,7wDTDI7giGtVFqgNipVcAR
1680,1UZOjK1BwmwWU14Erba9CZ
1681,1uN0f4NqMDcReSwXO6PLuG
1685,6KgBpzTuTRPebChN0VTyzV
1686,2ACOWPLUe4A4KuQ5ioD2od
1687,6yARPLK0PV4heEyh7pVMGz
1689,6iF4RgIjDvDqyW13PezSj3
1691,2mC33mxgLJN3IT65MGN3B0
1692,630sXRhIcfwr2e4RdNtjKN
1693,4rkUEE5iTzG0szS8k8QzqR
1694,2tGvwE8GcFKwNdAXMnlbfl
1695,6lQCFhlbA7boPBesUokiDU
1697,1QV6tiMFM6fSOKOGLMHYYg
1698,5g7sDjBhZ4I3gcFIpkrLuI
1700,16sbugRbf9xEKlekuQ7Whm
1701,15DwFznkBJir7AK9PyMyRR
1702,6GLzN6o2fkOupy8e1vGzwp
1704,60wwxj6Dd9NJlirf84wr2c
1705,1q0PYXTbDsirp2l74ng6pn
1706,2aoOHHnDzS653vhmsCzmIp
1707,4kuPeLqTPXDkPB2injreCw
1709,2gam98EZKrF9XuOkU13ApN
1710,6UToJxI03J3cqNXrN5vtYb
1711,3S7hj7i6ibxRbpKkXJtio3
1712,14sOS5L36385FJ3OL8hew4
1713,7HdZY9UJTylIiNcSDFyUDc
1715,2VGTe5PkHOlZuayLYDjtb1
1716,6Z0CSptkTKzOpownOPnK5g
1717,0RTzJVkunbGwuRjXDFHnjf
1718,07nH4ifBxUB4lZcsf44Brn
1719,2EKTT5ptH6STFoTWnKS76O
1720,1U9bGQJ1od9iVZ9RKL58fb
1721,1Ipo7AQ2vWCoCjkSTxGEMX
1722,1ieRrfUvQgr3wuCbFTMBuF
1723,6c6J7ZQG5GvrxqG6qv5DFi
1724,2TW3ts7XMpjSXkJF1etXVJ
1725,1wlsLLlTQjtqBvrPbKXHXd
1726,4Re0wi3hTmC55M4p0Bob06
1727,6lCZiqOzM8Mr6Uf5n4DVrc
1729,0A8bThZCsJkxFXsNZSf31s
1730,4rV50yTt1Me3sFhExrScR1
1731,4a6Wsgn0L48VsTW47vnswF
1732,13vQWuSdCKWW7HgalrdMqH
1733,4pRnMMMzvjj9uqMZa0YO7U
1734,4rul2YO23WDVpTFzqOpXQg
1735,27DMLjeAoEwMnwCHCW9UNL
1736,4PjKb1i0g4ahj9SWeQXFPJ
1737,57KX7vtLkssLRiSnnM9Wha
1738,0f0Gowe1S2U5r1ajXRSCV2
1739,0sbwlnInAf5Y8xVDIHCiGd
1740,0ada5XsQGLPUVbmTCkAP49
1741,7xJqJxiM5f0BZQLWCbOuWz
1743,33gwZOGJWEZ7dRWPqPxBEZ
1744,5ozKTgHJvWkC4lRh9g4Wa4
1746,7wy1pCS4yuTvTak1b6DD3C
1747,2zimS2mTANwlM34KEOebYC
1748,4wBzWNjUMwQg541J8cAciN
1749,2lpcbL0wJbQkoWAQWvTa7x
1750,7hav1MHURQf5SAoPk0egqh
1751,7oJrVhiTPZGBXWPwhxjy9S
1753,03ERnTvSV5fy8WAyvA4uNP
1754,5GBuCHuPKx6UC7VsSPK0t3
1755,3JKgcAa7r07ocVWcV8bS0H
1757,7FGdjbZ32vMybPuP0IuE7d
1758,03eJ2DclFWXYU8GWgANdmZ
1759,03ThZweiBWFP8tOGsk6QMO
1760,6755DFiZ7CWe2WMdTGW5C1
1761,2N9LEu6Pf8nDcp3GjWJT1Z
1762,3dl8bSF08LQfCf4T6CCksf
1763,4AO1XhrgJczQ9bNVxdfKQe
1764,2eAZfqOm4EnOF9VvN50Tyc
1766,6Hfu9sc7jvv6coyy2LlzBF
1769,6IyoLWzljeR3ldQo4KWHT6
1772,2Gk6fi0dqt91NKvlzGsmm7
1773,2J6OF7CkpdQGSfm1wdclqn
1774,7hrN9HumCLEY1SwqWxrRfg
1775,0zP8VSgyYSVqrSXTYTn9Su
1776,2aCj4aX6TXFFUn5zTFRH4w
1777,7ohROa13QK43JBRqfCmz4P
1778,69q6stT0wxc3i2pGqBDZAT
1779,4a1fh9vJMMoRjNrBmEWoM0
1780,0egx5NZjuXv45PWse7ZK3h
1781,0tBbt8CrmxbjRP0pueQkyU
1785,4exGSaz6lVTxxZVF1xVD4k
1786,1I8tHoNBFTuoJAlh4hfVVE
1787,2glGP8kEfACgJdZ86kWxhN
1788,05XtssRLI22p8wLFIr7Vrl
1789,2USlegnFJLrVLpoVfPimKB
1791,6Dy1jexKYriXAVG6evyUTJ
1792,7L59vVTpoS94JU3KEeolqt
1793,7fZBQnc0zXwVybgCIrQQil
1794,1eGlStOBtFJ6Oc4hhN5tUR
1796,6qUSs4FDzZUdAhY6JDIJfa
1797,6HMtHNpW6YPi1hrw9tgF8P
1799,5902W4uHWzhtOff1UK7the
1800,3RqFg3J52mvy7TxTUipuCr
1801,74nReXHbAko0DLmBniJest
1802,3OaunNUlXXs5e2PXtNAzzG
1803,4WjTbrxOPvSwQlajlE4aXH
1804,0FPfkAGl5xLLZ8kIl7eDYi
1805,2PgMUAn2bBpm8gz6yAXvVL
1806,7rq1zCf90CnU7OalBLIgNp
1807,4wJaoAVSc8X5rBhmoGdtvp
1808,7EkMIQ2PzEzwQroLl6dUvw
1809,5tiZBnx5IvETA0Pj3gELjn
1810,75Q69chmd8CEZbVsA4CDMm
1811,0uI7yAKUf52Cn7y3sYyjiX
1812,54WpJSyO81dpA40MKJHd0C
1813,5DHQKZCOZhGNTbYBCekWx0
1814,4XII12nbsvJblXfG1I2QR4
1815,2ZlCGeK30BLRNSPC832pNZ
1816,0IUgswE9wJaY4QIQZEDTKe
1817,0zdQxu4k1jGlT2VxDokAcX
1818,5bgwqaRSS3M8WHWruHgSL5
1819,15og0pCEcTFWEXOFKdcJlU
1820,3LNRi4UytUnez6T0hFb4x3
1821,12wSL3tGk3MtbDEhfG7xy3
1827,6gj08XDlv9Duc2fPOxUmVD
1828,50kpGaPAhYJ3sGmk6vplg0
1829,5rkok5WSDPoQb9xKx5R61n
1830,7DnAm9FOTWE3cUvso43HhI
1831,3pYDZTJM2tVBUhIRifWVzI
1832,1Fl4vSE3PegDGtkNL7JXNl
1834,5zQ1Wq6HNYjGZWkVv5P8Eg
1835,0TwBtDAWpkpM3srywFVOV5
1838,1YaVmBh7EAeR54FIjuFcb5
1839,1oHNvJVbFkexQc0BpQp7Y4
1840,5f7UJCMrA1VRLvbPrq1h0G
1842,1s7oOCT8vauUh01PbJD6ps
1843,3m7IYU7ySuFMwdm7OCShQN
1844,1BzYFQWjXHLZ0c7AGJtL1Z
1845,3MlQPB0wJuopo3NTZGlMpI
1846,4i4WsUvJEgB4V6AyONAJe8
1847,7I7Dk8FOkZqhqZp9N2RKiP
1849,02VBYrHfVwfEWXk5DXyf0T
1850,3xWGA8pa0IKFI7IMPri4P0
1851,4W4fNrZYkobj539TOWsLO2
1852,5bHrzpO27EMIpzsseMPPsa
1853,12g9IeQzX7xECLNxz8dpb5
1854,7LK0IWXe2Yd0JGgSjJThex
1855,28a0aMV1OKoyNiCJuNsWrY
1856,1YKOm06nQc83UXXG4ubrjo
1858,5jQI2r1RdgtuT8S3iG8zFC
1860,4gbVRS8gloEluzf0GzDOFc
1862,1hJIbOjWpid6LtnozHmzRS
1863,5fVZC9GiM4e8vu99W0Xf6J
1864,6q3zC9dDD4lUNk8nfUztXy
1865,2bJvI42r8EF3wxjOuDav4r
1866,0lUSd7TCG8srh6HpIAEIWL
1867,2cEmWBBlCfR9wWrY9JmTyt
1868,7L5lSrY4QYAwvaqeIXSayN
1869,2dS0eloHSbkg4vfyfluOm5
1871,45Egmo7icyopuzJN0oMEdk
1872,1w0qg01gZLzPPH5R0cTCuW
1873,3nqqDo8CcCLke3ZoTgiOKf
1874,5Gu0PDLN4YJeW75PpBSg9p
1876,5Odq8ohlgIbQKMZivbWkEo
1877,49COPp81lGS9Hl9OwKlsKl
1878,6GzApXoBQiiAjak3tOQfV3
1879,16XiTUC2rQvb5lmtOm3FYY
1881,288EJf2Hyv0vFtyYlcP9zN
1882,563SfWAHJs4FBZMkRN0IFN
1884,3sa06xVNmLLYIxdNNmVQN8
1887,0vR2rIVORmgeKiGIgNT0fV
1888,48QmG1dfvMuYLxMPt7KSRA
1889,3AzjcOeAmA57TIOr9zF1ZW
1890,2VxeLyX666F8uXCJ0dZF8B
1891,4NiehSBQthimPzRsVeOgCT
1893,22skzmqfdWrjJylampe0kt
1895,0mGJTKRIuCOJtiT4YkJHiv
1896,6QQtHdz4PNJWQX4nrAQGC9
1900,0Ii19QCCwkEtZRqIzLAicF
1902,25ZttbpeUKDOm3aghD2oBJ
1904,6jz9EMWHffNKVlZQVXOLoz
1905,6kQz6t5z1FK4uohPh8Kd73
1906,2xJCMIJfcNYDc5iR0sAm2O
1907,60nZcImufyMA1MKQY3dcCH
1909,64fwanXDvwmsQrLsDSVHMv
1911,1oHxIPqJyvAYHy0PVrDU98
1912,5F2lWCeBZMxpo6SG1Q3PlL
1913,3wPPWcVuinAU7dXcJXtCID
1914,1PAYgOjp1c9rrZ2kVQg2vN
1917,36orMWv2PgvnzXsd5CJ0yL
1918,7my7OZvSNkcOqi4CJ4uYyE
1919,698ItKASDavgwZ3WjaWjtz
1920,2tnVG71enUj33Ic2nFN6kZ
1923,3h8tI65xdfpQyTAy7Grqwa
1924,4O2mz1CYlIwaYbUV93eHKZ
1926,3H7ihDc1dqLriiWXwsc2po
1928,2hgzdQdnfWwtdpZbhZlV72
1929,2x0WlnmfG39ZuDmstl9xfX
1935,5RDUCbvwPZdmjFbhZ5EY4N
1936,2iJuuzV8P9Yz0VSurttIV5
1937,3tJ4y2Zqx6gM9xOAuFfsSF
1940,0zgNARWipuFb4WHR248RkT
1941,2oZiMtrLmSpnEPeFPUE5Of
1942,6uFn47ACjqYkc0jADwEdj1
1943,10XwT9r62bJtgK07aaitUk
1944,0RLLvYBopDwooCyvnTwgYu
1945,59AziPyNm2kHqyd9lH9cSr
1946,33LizV83s7z1gwtmLiKlmv
1947,6tmw9HOUPAzvhmxMk8VTuD
1948,3zzA325SAVx8AcEvqNUDFM
1949,6ilmDtTR9yGrZCIOnMLNQy
1950,296rJexbfZ62rMJ2N54lst
1951,0HaITYrO5ipvZLLt0oDboc
1952,6MZ91tbZxwwqimJffOoLsW
1953,49cY7H4GlhfbelrdzzXWwJ
1954,4s6vwFgPdCtidpEw8KuQT6
1955,5S57Th5Jnqi7GLR7Mcr0RL
1956,5Y9dsvDD53HZCjwcZCdYKA
1958,38C7gqa849sTqbIySc5yHv
1960,5HiJ26miqlD523NhP3irc4
1961,7fj9sa5dPVayB0YtsAX9Kb
1962,3Dr0xDJwXy6JkiHNJfv5zd
1963,0fQlqbTeuXiUZnkmqTurOc
1964,6zAyDlVfft6Ghu2ddj0Mbh
1965,6btkdvumrTmcFzy3oFpZqS
1966,0a9wk9ZCwe0ONEyBXXsNpE
1967,5kNpoq43mb3u9JlduU73jg
1969,6y1RGprDkyl8a9AutebaQp
1970,57p8CBvPOxrvyCbn6ttl5r
1971,6IE6DtVDkPotP6rApA7a10
1972,3bZv9qgFQRoQiqjlgZhVqj
1973,7opO9NgcqEhe4RtvIoDRap
1974,4zhaOuWAzdQaezfY8xJSyr
1975,6jxVIL2AUmDdAAcvGWODCS
1976,4OpPtBlAU2ayk7rS0SyxlM
1977,1lx3AG1sWLBX7kHfs4HM4i
1978,71WFZwTIUZoYpzjO56g3KH
1980,5YqEzk3C5c3UZ1D5fJUlXA
1981,6rEgH9shyRZHFNnr1QUbkY
1982,2wVQcA1YCuGL6EW0QbgVoV
1983,45S5WTQEGOB1VHr1Q4FuPl
1984,3Uo7WG0vmLQ07WB4BDwy7D
1985,0azC730Exh71aQlOt9Zj3y
1986,5RhFmJifQe83FpQ6ZFFTZ5
1987,2f0pn9DkEJwAzXApnFh5cr
1989,1Oi2zpmL81Q0yScF1zxaC0
1993,6naxalmIoLFWR0siv8dnQQ
1995,017PF4Q3l4DBUiWoXk4OWT
1996,3TCauNPqFiniaYHBvEVoHG
1997,4zFHwVj4A8s0G5f7aOlpKo
1999,1qEmFfgcLObUfQm0j1W2CK
2000,5k1uIPpsHmnbWFr4nbpdYb
2001,3eGjwWEzsaYJHX6BIL0Gpv
2002,4mkOGW6mNoRi3jJn2e6KA1
2003,6OT7IcKUM19ziyp3KmrH2I
2004,4FhbcLIYba5zi9iYTcj8hp
2005,3oQ5euq4iGLH0zlUuRYo0V
2006,50B26D0AEidF6xJRRpolWU
2007,2VxbhnotVbPjLE8AWMBFA0
2008,5A7oeEtBHhsFCuyFMSItn9
2009,3DnIUG2x0KkyN6VHtKbCZW
2010,2xnXeVRHIjDVzG8YfULRUY
2011,2ONRkpOJ6X91GMXMthtT0M
2012,2b23PfKfW44eNmHSwqLwLy
2013,14SjuwfvMdVNHo6Ri23wri
2014,1USAVbXpiD4D0xfRqOIILN
2015,5Yz2hManF0nsjneS8HdvMx
2016,6L4puniPL5QRrlQoJGWCuV
2017,1o9D0rUusi2V5idyOEOPII
2018,6Qd9UkxzKEHwyYmHchl2QT
2019,23nhxZKWVRd7BMVesi4X3E
2021,2ByP6u4dKJSTmHziCVDteF
2022,0YfRAYTNTNszGg8VARrSIH
2023,1uPdgOpPVUSoQLvm26XMTC
2024,4KUtJj5bHUMDIdg5oKjcRL
2025,4BX9utrulgT68sAqwWjrkZ
2026,4um0dlscaZs2xkSbH72pP2
2027,4U7Tg4x7h6tWsfVoKIVPRz
2028,3pMoNOkGcXynh9IA6KxU2b
2029,74ltihS5olPtPcz4wq02bE
2030,5ycEpZQumS0oXR46E7tBWM
2031,1S6r3Jz0SrqtY3yjspOzhE
2032,1yNydkcYMCFWvTVi9bEiDn
2033,4eBaGa3ykdcmrGSKlHrAnV
2034,4lJOL0wWFMtDYLUBWfQ4f2
2035,3wYOGJYD31sLRmBgCvWxa4
2036,48F2xnWq3LuzYWML327Z2r
2037,5yX3kZyw1nM14mRiZO1Irb
2038,5C4IBWesuAEC98pkN4I3uc
2039,1pOlNMGgYPfXbp6sWphTPo
2040,78Tqi4M6TYBwqRvLDhOMOF
2042,1ipSpQfzBbhPFhYm6tfVIz
2043,5O99fLa7gqlYfVGfPXZWq7
2045,5WOGp3E41juuRbaw4LlQZT
2046,15jg4vt123axobdGleLugn
2047,3LVcKphzONOdQ2EATazlZq
2048,62REIYzNE9IGNWi3qEAyKs
2050,4l8CIibQf8cVk5BcrquSiD
2051,72PFP54TZ9Tpj9dYQcb46D
2052,0zO8ctW0UiuOefR87OeJOZ
2053,2SAqBLGA283SUiwJ3xOUVI
2054,0GAyuCo975IHGxxiLKDufB
2055,0k4JSIG2PfVxVCiV7SDCJh
2056,293mQGfVwgXIOdA1GpiwAt
2057,40iJIUlhi6renaREYGeIDS
2058,2ZuyWP4MXXPXQaz2KJPCCn
2060,1iKk3rmafSAIQagXhraiSZ
2061,6tCLQ3LO1V9l6qdrrwdV6q
2062,53jbdPQBaH6WaQvW0zmGBs
2063,3nHtJ3HtqFomq1Qz7OzRR0
2064,7hjPM7rlZo3netjXWOZqcT
2065,4xmVVA2E3Yv5zF4OVVj8ru
2066,3haxUceS8i97BLoB7WH3Mj
2067,3o9ZhwPb3TrlgVBcMXffzj
2068,6l9AVZVrvHw5u4nL3HL9N0
2069,3eDIItHQg5S69tfVR12RYh
2071,6YmreCT9hZ30EBxG3PG9IJ
2072,1Pj5oOFzLYELyyeh1IYRK0
2073,4U6GYrZi0xvNkUmFitCDED
2074,42SOtYBdnfj9zEdZSlAq5k
2075,4j62Vgp82Zu4QRWfVmEoXA
2076,1djzKW3eYLyzjjHXazEWWh
2077,3Phjn4zJ34ZiEVUngyccY5
2078,3cWI6Hj9LQ0MfMuhw9uSMc
2079,2KF7IrZ10FwrtwoeKdmZvM
2082,6ex1Pz3pntgy4NPtxHXN2V
2085,0e8nrvls4Qqv5Rfa2UhqmO
2086,4kkeuVl6gF3RMqE4Nn5W3E
2087,6jjYDGxVJsWS0a5wlVF5vS
2088,5rlMVKnvE6ZSzNCs8ZyHqU
2091,7qvxFz3JodM0A7xEM7k3YD
2093,1DqdF42leyFIzqNDv9CjId
2095,4cG7HUWYHBV6R6tHn1gxrl
2096,1du4tPkvJfCIuVL6WMtqSs
2097,0cqRj7pUJDkTCEsJkx8snD
2098,4vVTI94F9uJ8lHNDWKv0i2
2099,1QNqrsNQ1JVLEwncov3lEY
2102,3avYqdwHKEq8beXbeWCKqJ
2103,2cOUlop2ZakjOKe4WinesN
2107,7ydN6k1pLu6GRJsJpFXnYu
2108,6i0V12jOa3mr6uu4WYhUBr
2109,1Q4jb2UjtWUDUojHsB8mLY
2110,7qEHsqek33rTcFNT9PFqLf
2111,5B03nSG8pLE48jh7kmasuL
2112,4e4fqjx0Izh4svvTef1z7e
2113,4r6eNCsrZnQWJzzvFh4nlg
2114,43wzy7JxMEfvCh8ZFeZKYk
2115,4eWQlBRaTjPPUlzacqEeoQ
2116,5vDCp6yZAikAoJ6NOEEFdp
2119,75ss2WW3Wi3nrm8yYcF1eq
2120,6ho0GyrWZN3mhi9zVRW7xi
2121,3em4Dn6hxzdgjKpLgMZSy1
2122,2qpZjutAe3pstQsjwSXQb4
2123,0lQ2obtzmAsJu9xk3D6FqH
2124,2fCUI41zhGk9isZnOMfxSP
2125,1oRy2CCBaWCVqJRkmyGWLx
2126,4DRaQU57lJOikeFjn6DANA
2127,3pupaIsUyWu56FQEpsmZ64
2128,2duqt4cyVkbMvgf8PW7U2f
2129,2NZJKUPIGfJqLAzONNr4gv
2130,5UA6rAsMTn0okgp95isGrl
2131,2GXOmuU3kApsq2TWqOU5Bm
2132,48tI68zHn3r3uHmGxdkKDd
2133,3c8iiZGfEammKJuWTErE5x
2134,5QcHOCh1RFtAg6FYcAetbL
2135,1F9xcExF9W7m5BxTdlJLED
2136,1yFxCleK30hhT6Lt2IdQgI
2137,7HKwY4vWe6W5TjSdIG4w8d
2138,0Cnb8XdGDMHAmIRBUJMkIS
2139,2ziAsfem4cO7JfU23Uilky
2140,7uncgy1DHcixuyZ3YIEUEi
2141,1GqlrKuFFZwOKhULYTTeag
2142,0hxRyDVC61KlZGS6m2Min4
2143,1RsALParpm2YmjO9E3jc5L
2144,5tjFaC3zo7iBCHDTIzNlh0
2145,48XkVAagIoQHCsOlJtXUd5
2146,07m8PuXxxv5J4qPEDq6ZkK
2147,2wEjPgOCEczmjlvq60LyQi
2148,6mibaVAge7lQvoH731VZJa
2150,3i78lP1Y35m6Idgnbw9Fow
2151,2qCwjPxyVil3B9q89judKW
2152,60LAae4EzXrJ2BLwvfMfJH
2153,3JyvSSU0VnlMUsQckyEVfX
2154,79uzBl8P29fWo3doFgjCK0
2155,2JXNOtb0ANe6MzgRYDQG2J
2156,3USxtqRwSYz57Ewm6wWRMp
2157,4qvrdCZM49KR1nSHaYCiQ6
2158,1AZi6WDQ0QHIjo25nQxqS2
2159,2DgdHcjWmO3qd50RzuBLgZ
2160,3YPYfk3CYH9Z4NHp5BlNGH
2161,40cetoOJOowiXowtSLM8ag
2162,5U3MWICGoIVVIR1N8CdCgd
2163,7uSe2N0R8hcSBOAhYu5RRW
2164,4YAH2RzSQ78Oz8lqL9CS13
2165,2AEWlaVGx9IopuYlK9hbzF
2167,25g3vaZpFTNfAheBqGwI74
2169,2VsfETBXRRnrVg30DYu6tm
2170,17y7KXMaHfV9V8q8BDZuz7
2173,355yigLO9u21pkidnSuegA
2174,5bBzkJE9BqYTL27webAUCw
2175,3VJCF5cQExY4I1UUeumYPv
2176,7oPHGO39MQVukHZjdz4b9S
2177,6vlIdeN72EhasS8iZaSUdG
2178,61TWTSHcrFVgaRr6U4MKBs
2179,3XOalgusokruzA5ZBA2Qcb
2180,4O0QcP66fc33qeeazneQad
2181,6xBQEW4ge9OlbYUt5IVyVz
2182,3PUIguYpwKFXmfGD6uU7Jl
2183,5dONhl6aXFuN86UBdayF6W
2185,288li8gcr0oOAHDwAERZHS
2186,5I7sGubUsKo4mVJpBoSVUr
2187,2928yIGFV4enculPwmmGSe
2188,03IcIKwRQSjMheOdEE7pmY
2189,5v4OkFH0TJ6W1hCFxyn0px
2190,26XUAwGZqQEyy8Ubhtj4kq
2191,7kzQRB3b9gp2kdjI0dLv8M
2192,32FhTAAjKZaBein150o3Px
2193,1ApN1loxlt0rzRFc8iETw7
2194,6sDP4912wjwB7BJhbSnjS1
2195,1rwSZ2WvPoGArYIByVSEGW
2196,4v8jmsVox8VwU5js3JHOJZ
2197,5fsQSDifYpjfbCqvZKPVBj
2198,7rb4dcBfW0m1LQQcDCh4Hv
2199,4E2rXUbcF1zhZVzNzeVPGV
2200,400ZJAUFuEuIGXhr7ie4xf
2201,2RBcYkonAofm0rYycVrCGt
2202,5KgbyD2lQQlIupAaPjgiXg
2203,1JOGXYw4xKx6WJZzSE2de1
2204,0h4jHdNzUrV9eGR2PT5R8c
2205,3beYmUcaXJZiSZMPbsMI7p
2206,12q3V8ShACq2PSWINMc2rC
2207,1JSTJqkT5qHq8MDJnJbRE1
2208,389QX9Q1eUOEZ19vtzzI9O
2209,0iOZM63lendWRTTeKhZBSC
2210,1xKQbqQtQWrtQS47fUJBtl
2211,6FfE10CNarokEyIGxWhz2g
2212,30St98Bok3jJmXdkkHVPQe
2213,6urCAbunOQI4bLhmGpX7iS
2214,22CIOfLZB9z8He7WgHYAgH
2215,5BCykgPXc7zEBg2oU0klvy
2216,1QgLpUJsmrLG61KDVGT0Ux
2217,7tqhbajSfrz2F7E1Z75ASX
2218,7cDzJyC95jtGO9zAeZsWOg
2219,2eDdFHgqNJltzlvlZFVDWd
2220,327H2qbUk7Ui8fhPBalDiy
2221,1sx0XsWUusUoPstbvokZjP
2222,43zwZPRtS6eJMIuJOtdMub
2223,6HeCk6yewXH7WO4D93eub9
2224,6A4hgJdwriera4WSUl4moW
2225,7zjEyeBsaw9gV0jofJLfOM
2226,09AvsbivV1FQBRAEBJh7UL
2227,6PQK1Y3Dl6dym9pj0y9Chy
2229,0O6u0VJ46W86TxN9wgyqDj
2230,5FkBoG7xkb0pPkaO8rS5td
2231,1VLtjHwRWOVJiE5Py7JxoQ
2232,1aDEr0TNgY3a9ea90UL0Mj
2233,3nJfSvV0PyHeoMx2Vwj71O
2234,7MOCaEUbfGyq1K96umNVwJ
2236,5s1e47ivYoftMRh4ULBYv5
2238,1JCrXIeI6a9qRIkfAEz7J1
2239,5JM5cRCZUXPtTcicbMNUzu
2240,2aWVaW1p2kUc5yuKwBmRJi
2241,37Nqx7iavZpotJSDXZWbJ3
2242,2vpivkQN6PO33m5ygn82Pw
2243,17XY1uAyl0lrFqiMp1aQXO
2244,0Yptvdo4iVZ42hz0m8rGng
2245,4RKJRRd4VJfZWiqQTYsleE
2247,5f1Y2rWe7MTvRfN1yQqFaa
2249,2rKPqxCmMQ68wYV1ArFvNy
2250,3F57PtOdqRpD6euFYqtKXX
2252,221qmpQeBNV87sUjQeUTVH
2253,40uMIn2zJLAQhNXghRjBed
2254,6tsVFchreYTt2OPXSOoFCX
2255,3uXgkkBb6JQPe1x1ZRZcr7
2256,0d9oqmTm5fqhml3wg7FEs1
2257,3TfJtvgXTC0BIsRGXD3SLz
2258,7qTaDOcld0VmBWXnkbUj45
2259,0vpawKw0jXvUCbHAGUXDGj
2260,3IhM5Mber8KA0NaRNpK2px
2261,2rgtCOVK2tpfao2VjURn84
2263,4mrAArfFEIqpH6myouJb03
2264,181AxLRTyYh9WUxEjmJt1Y
2265,6FAmtZoa7jq6bH9GBjCRkM
2266,5EooBH2mT6qcsPY8ZgZPVW
2269,5TJEBoTCDbJXiKMdCN9pd3
2273,0v2Swij0g2VfvSq3c3uaG3
2274,0YJW8OXw8G1xDfkzaID3vv
2275,2bm9eBd8hXPxEdgizCcEWX
2276,5K6Ssv4Z3zRvxt0P6EKUAP
2277,7y1KG5yQ0lB7OdljwFKi9A
2278,53SnCRcGrB2UCqNGyYZhJD
2281,3093lstvMDfRjvimLc6ViU
2283,4dsm0VbaMmnLHhrOKcDNSI
2285,0W6I02J9xcqK8MtSeosEXb
2287,35mvY5S1H3J2QZyna3TFe0
2288,1p0rEzrK7YtdRZVtiyV7RN
2289,2bSk87AVkCIIC3Bcligq1z
2291,5wANPM4fQCJwkGd4rN57mH
2292,6Dbjbkuzp4QEudONcqFNsi
2295,3zc8VZEpM1onYV4FWGdFvm
2298,6AQbmUe0Qwf5PZnt4HmTXv
2300,0MZ2kETP6klE6mn7UlVoEP
2301,3Vm3HO7EgE2CFJryk5L2WA
2302,3ML3rwzNMRHzB3Bdit4xLG
2303,0bIHWAGW7gahdRc4JP2Eup
2304,3IJYUaN3tx04S4TYyZHKoP
2305,4uu7gKd1PffC7QEMcMk0Ro
2306,6IUlwZoF8ZrPf9e9m1MbG7
2310,3kW4z2pIj5VY5fLjBrMRL5
2311,7JdarpX08FLhmfNZpxqgUO
2312,7ms3VzLTfr7fXNOqA4Mkx9
2313,0fySG6A6qLE8IvDpayb5bM
2314,4l5PryvVh8ofU9vMDnv4qA
2315,1NCkdMCiBT3lJcp4OK7hRk
2316,2nw5JpZFV6ISs2J84wNeJr
2317,05WIYJYtnZHUmL1uuYmvY1
2318,5FAC02SZZAmxPXjabCdOYN
2319,0icgGg4BN47ILHEhOSaFgh
2321,4HiC3ulkTgbEcYYsSuR6PO
2322,79LdvxXi5JYUjhnO7v9Fi3
2323,2aI21FnmY7TJVKeMaoQZ0t
2324,4IRHwIZHzlHT1FQpRa5RdE
2325,2LlQb7Uoj1kKyGhlkBf9aC
2326,5YSI1311X8t31PBjkBG4CZ
2327,5zA8vzDGqPl2AzZkEYQGKh
2328,3X7uFMzJrEE0sxn62qd8Ch
2329,7LNP6YNYDeMgBeG4JBfAdq
2330,2HPB3px8MJZRMfu1L65Z41
2331,1ukHtC2BBs51jmSGaxoEeL
2332,2Foc5Q5nqNiosCNqttzHof
2333,6XHNIbru8xGohLzHNgxQvF
2334,4GhtDORJiSRYxj6M1bv0vX
2335,6inVHhmG2qEhwFR2eiWXjH
2336,0iOu4s8w3pE9vbpb1SHXsL
2337,3wuCCNCnBhJlwkIJTBZFiv
2338,0pQskrTITgmCMyr85tb9qq
2339,6WCeFNVAXUtNczb7lqLiZU
2340,6So3VCoSIJtwEttljPL4i2
2341,6EIyNWCx1cSHDF9SEKeiWL
2342,0ssFgWDETtMtSx5gJaEgTZ
2343,2mkhxxpsp5SGBjei7LaGwi
2344,5RQmbhnkrt6llPrxqRsym4
2345,5aBbM3dCYAtgBkd5lqA50B
2346,0YOUlPhWSZmJgdvIOwFJvL
2347,4taTrtJjCPpgr4cQR7WMnQ
2348,1gf7UmUfS31EmMxG6yRR8j
2349,2ZEq4HT450Ye9IFGPTl9qV
2350,4VZlXx05loUmppWMqHFzt1
2351,19ds9KHjxEa5KrBBMauZUh
2352,4EkKSgNoej7SA07caXuBti
2353,2MwDjdXfDGWJOYvQBzGfHE
2354,57kgYKHtte9hLUrjGGuXcx
2355,4RVtBlHFKj51Ipvpfv5ER4
2356,3jom7cmWW3BSllNhZUdIip
2357,4dMrpKgYvQT0QDvfVzuItT
2358,0H3P7om1ccHq0sEL8oAr4B
2359,156O7Uby4QXUNwVsCal2ve
2360,4gtZjfZN7FBrF562pv0K4f
2362,1SySkCqhEG6Z68o2n07Bsr
2363,2ohJvS1zliST26S4Pfqf8j
2364,4DuZccXNWSIErRntyi1VRL
2365,1Pv3rDsjRl98xEQC56p8A0
2366,6pO9pxKxrIHuTRqK7VLP8B
2368,0ASHuncZLdgqTcoGMIgUxR
2369,33wdV1gI0hqmROGli4fWAt
2371,6btdl1Vl6Ta5lUwUSOFW2H
2372,7os53rdrgA0OU6xC5xJruX
2373,4bMLBGnjAGVFpjAfIkD0UY
2374,213zYbLMb3NjOfNl0LFTQr
2375,7KW2IfRkSzB36zPAnAzmvY
2376,3Skzc6bYZur8BWZhfUpAP1
2377,6gi7qsHSH2JWZsTRHndxqm
2378,1MIGkQxcdAt2lDx6ySpsc5
2379,3Iba59sFmGhQ4kbCY5L8AX
2380,1tqozz7jtvs2ZTLlSkuNdn
2381,4FYbo4yQzu3hGkj2Ix4ucW
2382,2Dj3JCKouEJwxPiBf69cBR
2383,6JmFCiNx8UVz3xTm244Ku8
2384,4dGLgGBSJr083efJXhQJNs
2385,2syw7mfHXKVJtbnb4G3Mi8
2386,05Ke9LELmOiA5i3L0ybFUy
2387,2eQ0KgjaudX9rEe7suSrtg
2388,7EEIoTdZ1qQB8n9RsdY350
2389,3YiIbihv68MDfynOxYsyQM
2390,5fIi4AGrZt94zPv8xuEi2B
2391,4Gu4tOFydvKOd3t9DMivtU
2392,5MjkFGHnn7j7xL4b0MNHc2
2393,20d27F17AZOxTJOEHAVK2Y
2394,5icOoE6VgqFKohjWWNp0Ac
2395,3qUchrsBQE3Nx7v10WlgCU
2396,5d1fRO6RYAtbPPgbpSHnlA
2397,4Ufg9X9VocHbzKxXGhCOie
2398,3hEaLQI3dRyONBEZWS1VXD
2399,1ANB7KIo9flhA9r81XNkhw
2400,3mckyat5lAxzBWCijrrOl8
2401,7I7y5vl3dEZFIdWSB2O1ZZ
2402,4wuMS7NGVbU7hdu94K5icd
2403,6Nhfs7iVtwXZDGDtjhxQ4G
2404,07KXEDMj78x68D884wgVEm
2405,5LE8xsgXORBCV70UKd7ywp
2406,1Gno5IBUHh6vUKp4nxu2Yd
2408,5SWnsxjhdcEDc7LJjq9UHk
2409,5cx2X3RlGDk6g4DkPq4NYw
2410,4nyRXQQkM69kmaxiyCKMCr
2411,2HsSzwrvvgiYSCdsYLiJWB
2412,2SWbnWSe1onmbllRAU46uo
2413,2P6Mg5MHEBpFDrOqEWeHal
2415,2297mxrYLBAC4XkhXs39If
2416,34YnZOLkvAxH6K7ZXutHOo
2417,4PnR4x0pn4Wc6NBMKAyx8O
2419,4gVX26KwlsIh9Uh7hKIRjp
2420,51aYPHVdOL9sIPOZj9dlXK
2421,3LBM25IgxI9y549SiYxtSi
2422,2Xr1dTzJee307rmrkt8c0g
2423,3NLnwwAQbbFKcEcV8hDItk
2424,2IzUjVfO3UrAY73UjHHsGi
2425,2eAvDnpXP5W0cVtiI0PUxV
2427,7IehzBxyvb9egSpZFXZwTe
2428,0KKkJNfGyhkQ5aFogxQAPU
2429,2c2tlXfEmLgUNvxngIi1qL
2432,0k4d5YPDr1r7FX77VdqWez
2433,5YLHLxoZsodDWjqSgjhBf3
2434,4WCAb7rGU70hyx3m9joKCx
2436,5r0cOO77xkM5jjHk67Z2Lt
2438,49dFIRQCQxPWgoH0m38XQ5
2439,2o9LAypwGH4ctV0i9boo6d
2440,2Zm1K242cq6uNc3nZoA4w9
2441,5W0EeQs0I6luvjUM0ZXAuN
2442,18IzbU4Iy1ktWsOZOJDiD1
2443,6vFD3c1WI1zuKoyk22dMw3
2444,7MPxEoT36YBCDbrk3ng85S
2445,1b7vg5T9YKR3NNqXfBYRF7
2446,6cHD6jlYA1EFj6hBoai00r
2447,34chhNX59Wo9HMFCsI3K8Y
2448,2nZ3LmQbY2rEd4awJVkQpd
2449,373kL6gycElmvrcrnL9tOa
2450,6qXdC5KUAii87YnD9MOGG9
2451,1OpJNP2QNZ78TnewxSVybt
2452,7bCfHiRcfUjG0YVVNUL7Ve
2453,6y6jbcPG4Yn3Du4moXaenr
2454,2fx0rkeRamaGtmtA5QVkuy
2455,1sBvGY100lfD3w6tR22M1D
2456,3Xdl3dBamuhBVPX9y7Extm
2458,6oyJip5XQHRqcsy6hOTqw3
2459,4Xgono4pmRbojXlCIYh8or
2460,39umHdGKfpnjY4TFtnoQ51
2463,32PKQDEaouIIOlNZ5umoR6
2464,0YORgvqP1MotwCnDZzOwII
2465,3cHyrEgdyYRjgJKSOiOtcS
2467,0L8NzGlH4nmnbOUSg4gO72
2468,023H4I7HJnxRqsc9cqeFKV
2469,2TwfqpwieYnr3B2xKCxTQB
2470,00ETaeHUQ6lops3oWU1Wrt
2471,77V0TWycxV4wuhcip5LF3X
2472,45eSaPu2qoa2tuaungtPxm
2473,6iLbgkOew6ZJ6BBSXtUYEJ
2474,4hZ3E2eYHadmtKHbAaNycZ
2475,6J7ZSdEEYo3ns4gnHdwRL0
2478,2DRJ8zX1cHBr2DyVJNcQhu
2479,6JOlNkT0QdHeZB0wPbI9IR
2480,3jiEDw7G8ojPO1WSXkea2O
2481,5jbk17nRpXXvzGXPXjm3uW
2482,3GSMJpuz3rFU8WtCws1rv5
2483,32tZzOvxYJCdWldAiPp6Ru
2484,3QsLgPbGX8Tr5BK3y1c9d4
2485,4o2pCUcxHc8wabzbNi5naZ
2486,5lDpMe2QPTqV2KL3ULpyt9
2487,1qlUw3ZejypRGcpdQcX3ix
2488,0WeflbcCOlrKZCqifZHwnH
2489,5mU7Cs1kWzXzHzGX5UJAJ9
2490,6ylam74R1keIQsJ6GWvIaU
2491,6bmJYonQyJrjlmBiGf9OeK
2492,3IyWX691xysUXejrMif21g
2493,0Z1pAncHr1Y9hf3Cu3G0iR
2494,34MPsW68QSOIjnqETKz3k8
2495,6eNqL2r16r5v7S9FSl7utE
2496,48WrlXwOmbjHcj54GT3WKC
2497,6cM2EQnVKadEL9s8ngGEZN
2498,27oxSfW0iib7w0NG4zf9Fp
2499,1Xw9BTCAmZD1d4NuHy6m9C
2500,0lWsA6TPYDRWenhCJrbfYu
2501,4zHvWi4iFAG45lgiN7smLC
2502,3Bgl1xMI00capuTqUHBNUW
2503,6xpAcenBpNYOyljTMLvzVi
2505,76h8bwq5WuPl7lLoLVFqJq
2506,7BKLCZ1jbUBVqRi2FVlTVw
2507,5nhW8I46uDE5sc5ouEbzao
2508,3UjGudrhckjEQjKHLR3p5G
2509,0oS1B3PW9LyPSzghUKEjf8
2510,0aP1rlawWVSjuDSo7dbWRI
2512,69w5X6uTrOaWM32IetSzvO
2513,2J0X46UkpfLlWbuCXFgDLr
2514,3i0FkJYlU4MFfYkjFHXXAM
2515,1nH2PkJL1XoUq8oE6tBZoU
2516,00I41xsW6SunZDJ5fB8KAd
2517,5Axapk6xMmSHK2A75EZiYo
2518,0z8hI3OPS8ADPWtoCjjLl6
2520,6r3y3RZ1ek7ZKnnit783yt
2521,7wfUFY3X5YTjZQYzqEyHYy
2522,1JxQmgCEipmHCUiJS568pE
2523,7KTjtfZePXuWNuuZYhPNMG
2524,4rNXIJkuYBedDU1DsUZCoT
2525,3D37T7euWvVJ45evRmriIh
2526,2Q3uUxPpTKY4MjY5SRFSHK
2527,2K2nfIHU02JUJtzLvUx0ju
2528,6xxHmDvbvmBmYfzNUtpmEr
2529,2uoZHKd80VuwRnxmdhdxFJ
2530,2sfYIKz3J8eZkBdTh25KyK
2531,7cPKQeCtGjRjoFVw6ub5rS
2532,380IbvL0Uk5C3t9YeT3DKx
2533,1ggifk4Fuoeb5fAVesIsP6
2534,7MXOqINrqWgvznuVUTtuML
2536,6xkVpH24a622AA47vO8ezP
2538,2DbVcDdPomHYKXIyduuH1L
2539,1k2ZUV8LKaB6oG0QoduKEX
2540,76peqTD79xDzySA3SyWzs5
2541,2GZEMA43Qaj2khqejCjhbD
2542,74oDk9Hmm8dBMxxs4RIJp8
2543,2ywYb64eCfXm9CQd8AyJuO
2544,1CXVrNWkpQ4dsSNOH43dJT
2545,5YrqCVPExw7UZGUWUr8qNQ
2546,0uFnnurkT6KwgzfQ6KAvSi
2547,2lxoIZS8tpFwbiJyrDYguI
2548,2iZCOzGCxz7kr8cqmuDRu5
2549,5Gggw8WykNhnZsYExUVYxy
2550,26xlCgHpcF4GE0FFVsS6Oy
2551,0AGCxjgxUcTfEhRwCwQdQ3
2552,7BXxWRoGwvz5LK2n59yCyd
2553,4VZPR0Wjeu9yJNrlBurBK5
2554,7uSZPbd8DxdkmSauCKnITY
2555,0XdMaSEjQvMM4HKN6Ch8zw
2556,2xhaxIUaEj6RCYLhrQCn1i
2557,5f4l3uDDTNNGEtWaXHOIB9
2558,4YIoQqE50AdyG4BQafCi3u
2559,244AoGCbxOWUhaRzTR7Spz
2560,3nkW3TPQjBip1lER4h78NX
2561,3oLe5ZILASG8vU5dxIMfLY
2562,4rIoGk5qkn0yRDshvHVyjb
2563,03jdl5GTBhKsgB1Yw8mVPh
2564,3RzTlpu4NURrRmm0x3LM38
2565,5RmGKBLOYl9hbNE7BuDmur
2566,1jkC08qYdHAdpUBylutKZ6
2567,27L8sESb3KR79asDUBu8nW
2568,09gwNkeuRJhS1Ryb3sNp6V
2569,7vWaeCBcobKgzJgbOl23KU
2570,2IM62Gocn1627nKL1aSifz
2571,3fLCfvAGhyi8i4MfBjHCLB
2572,04CyO54TZk5tEylFg2Df41
2573,5hOfdVymxwZdYRD4yFOCmI
2574,2HbuhhxdEVbqdaJlLxOCfW
2575,1KHKeIouP04dDtl0EetgED
2576,5WZ4qFbz1x2vELPg8S7vza
2578,6sIbv1oWOuma2qV907MUbk
2580,78L3WTRWjcKmpw2So7t0Tc
2581,5ycq8IJZttHM2UiKPlq898
2582,17PYY5ja73jCMS9BuiakxQ
2583,5onnnhBDAIfRPIMij4Rg9y
2584,7K3RgukdPFTSOsOaqeqVRB
2585,1HJW2w61lh3XcsnfnOR9p4
2586,2X4UACnJly06HTKVgZm1Vo
2587,2tPzQueGEjxjmBvJrYe02u
2588,0Ev562zA4pmUsBqjxsxxdx
2589,7uAgqmyJ8PTRXL9WtZfPNe
2590,6qcuf0AmQmrjPPc10Ovhax
2591,6MxBf0usKAiS6eRdBsQeYL
2592,5W0vgRE9B23TZDj5B7pRUO
2593,7qunDTyH7FswdJ3vYOR89u
2594,4utdNjzXo88Q5tElYiEszn
2595,2UM5jlU2iLXDEAtzIfa1m0
2596,3yg7Wdu3yAr66w8L2LZ1QO
2597,1k3J7o5b0tDUzbllLycVUJ
2598,1kQ0aj0mnjd5xKrYKLZo64
2599,47kEJq44ZBrRBD4gvdCu0v
2601,5LuXsO34x6KVlL8OWsxRqk
2602,0veO6y9anwdVTaRuW7y8NJ
2604,7eBqSVxrzQZtK2mmgRG6lC
2605,3JFUEyfKdoCzAd2Gjj1dZZ
2609,67RGFObGLxBAJDLrukSusE
2610,3aBL75wBGHJnskegE9jyhb
2611,0Li1OuXXfi7950ilZUFGkF
2613,5S0QZGDvhgdED2WJGgxBKb
2614,7zLYKWcXnYeHHWidalz7rj
2616,4d6z0mKVcnhE5x0YWvTexh
2617,0wTTf3msjDJ8NcZGTmQJQV
2618,6PkRNUvByY3Wb6UJjSWZ49
2619,0q2n4kmbSaQUPfECkNpkfD
